,name,steam_appid,required_age,is_free,number_dlc,developers,publishers,price_currency,price_initial,price_final,windows,mac,linux,metacritic_score,categories,genres,recommendations_total,achievements_total,release_date,0,total_news,total_patches
0,FLOWorlds Playtest,3557900.0,0.0,False,,,,,,,True,False,False,,,,,,"23 May, 2025",,,
74,Butterfly Dream Playtest,3116140.0,0.0,False,,,,,,,True,False,False,,,,,,"14 Nov, 2024",,,
109,Total Vengeance Playtest,2687580.0,0.0,False,,,,,,,True,False,False,,,,,,"15 Nov, 2023",,,
120,Leaf Blower Co. Playtest,3654790.0,0.0,False,,,,,,,True,False,False,,,,,,,,,
157,Underquest Playtest,3239680.0,0.0,False,,,,,,,True,False,False,,,,,,"11 Feb, 2025",,,
190,Warp Factory Playtest,1628730.0,0.0,False,,,,,,,True,False,False,,,,,,"6 May, 2021",,,
204,Teamcrafter Playtest,3437800.0,0.0,False,,,,,,,True,False,False,,,,,,"9 Jan, 2025",,,
273,Paws and Leaves - A Thracian Tale Playtest,1885600.0,0.0,False,,,,,,,True,False,False,,,,,,"24 Jan, 2022",,,
328,DEATHGRIP Playtest,1754540.0,0.0,False,,,,,,,True,False,False,,,,,,"7 Dec, 2021",,,
459,Fortress VR Playtest,2259720.0,0.0,False,,,,,,,True,False,False,,VR Only,,,,"15 Feb, 2023",,,
464,World Auto Racing Playtest,2603530.0,0.0,False,,,,,,,True,False,False,,,,,,"16 Aug, 2024",,,
473,Into The Void Playtest,2873710.0,0.0,False,,,,,,,True,False,False,,,,,,"12 Mar, 2024",,,
509,Odania Sports Arena Playtest,2210850.0,0.0,False,,,,,,,True,False,False,,VR Only,,,,"9 Nov, 2022",,,
517,Tiny Dungeons Playtest,2443460.0,0.0,False,,,,,,,True,False,False,,,,,,"23 May, 2023",,,
536,Office After Hours Playtest,3396530.0,0.0,False,,,,,,,True,False,False,,,,,,"18 Dec, 2024",,,
639,POLYARIS Playtest,3142880.0,0.0,False,,,,,,,True,False,False,,,,,,"9 Dec, 2024",,,
778,Bus Flipper Simulator Playtest,2174660.0,0.0,False,,,,,,,True,False,False,,,,,,"21 Feb, 2025",,,
808,宗门志 Playtest,3092370.0,0.0,False,,,,,,,True,False,False,,,,,,"28 Jul, 2024",,,
869,The Deadly Path Playtest,2643710.0,0.0,False,,,,,,,True,False,False,,,,,,"18 Oct, 2024",,,
1025,ZOE Begone! Playtest,2931360.0,0.0,False,,,,,,,True,False,False,,,,,,"11 Apr, 2024",,,
1092,ILL SPACE Playtest,1749220.0,0.0,False,,,,,,,True,False,False,,,,,,"14 Sep, 2021",,,
1096,Squirmish Playtest,2826320.0,0.0,False,,,,,,,True,False,False,,,,,,"19 Feb, 2024",,,
1285,Draken Playtest,1849500.0,0.0,False,,,,,,,True,False,False,,,,,,"17 Dec, 2021",,,
1297,Shotgun Shenanigans Playtest,2192370.0,0.0,False,,,,,,,True,False,False,,,,,,"21 Nov, 2022",,,
1399,A Long Journey to an Uncertain End Playtest,2347370.0,0.0,False,,,,,,,True,False,False,,,,,,"13 Mar, 2023",,,
1414,The Last Citadel Playtest,2008890.0,0.0,False,,,,,,,True,False,False,,,,,,"11 Nov, 2022",,,
1433,Water Maid Playtest,3236760.0,0.0,False,,,,,,,True,False,False,,,,,,"28 Oct, 2024",,,
1435,Titan Force Playtest,2374080.0,0.0,False,,,,,,,True,False,False,,,,,,"17 Jul, 2025",,,
1439,银河模拟器2：星门 Playtest,3718100.0,0.0,False,,,,,,,True,False,False,,,,,,"13 May, 2025",,,
1496,Nautical Survival Playtest,3047160.0,0.0,False,,,,,,,True,False,False,,,,,,"7 Dec, 2024",,,
1520,Farming Playtest,3122330.0,0.0,False,,,,,,,True,False,False,,,,,,"30 Jul, 2024",,,
1565,Truck Mechanic: Dangerous Paths - Prologue Playtest,1827420.0,0.0,False,,,,,,,True,False,False,,,,,,"15 Apr, 2022",,,
1597,Black Dragon Mage Playtest,2539430.0,0.0,False,,,,,,,True,False,False,,,,,,"1 Aug, 2023",,,
1649,Sword Reverie Playtest,1854560.0,0.0,False,,,,,,,True,False,False,,VR Only,,,,"27 Dec, 2021",,,
1676,To Pixelia Playtest,3526210.0,0.0,False,,,,,,,True,False,False,,,,,,"4 Mar, 2025",,,
1788,Test Dummy Takedown Playtest,3130460.0,0.0,False,,,,,,,True,False,False,,,,,,"30 Jul, 2024",,,
1830,镇邪Ⅱ Playtest,3672450.0,0.0,False,,,,,,,True,False,False,,,,,,"21 Apr, 2025",,,
1861,The B.L.O.O.M Initiative Playtest,3635580.0,0.0,False,,,,,,,True,False,False,,,,,,,,,
1888,Ship Graveyard Simulator 2 Playtest,2567570.0,0.0,False,,,,,,,True,False,False,,,,,,"21 Dec, 2023",,,
2096,First Dwarf Playtest,2852880.0,0.0,False,,,,,,,True,False,False,,,,,,"19 May, 2024",,,
2115,Bangkok Story: A Stray Dog Playtest,2277260.0,0.0,False,,,,,,,True,False,False,,,,,,"15 Feb, 2023",,,
2170,Welcome: A Cozy Estuary Playtest,3379660.0,0.0,False,,,,,,,True,False,False,,,,,,"20 Dec, 2024",,,
2227,REVO Playtest,1690410.0,0.0,False,,,,,,,True,False,False,,,,,,"13 Mar, 2023",,,
2306,Deity's Domain Playtest,3508410.0,0.0,False,,,,,,,True,False,False,,,,,,"18 May, 2025",,,
2310,Apokerlypse Playtest,3481130.0,0.0,False,,,,,,,True,False,False,,,,,,"29 Apr, 2025",,,
2314,Broken Lines Playtest,1478740.0,0.0,False,,,,,,,True,False,False,,,,,,"7 Dec, 2020",,,
2328,Cultivation Story: Reincarnation Playtest,1990450.0,0.0,False,,,,,,,True,False,False,,,,,,"5 May, 2022",,,
2329,Return Alive Closed Beta,1846260.0,0.0,False,,,,,,,True,False,False,,,,,,"28 Jun, 2023",,,
2333,One Mistake Playtest,3301920.0,0.0,False,,,,,,,True,False,False,,,,,,"28 Oct, 2024",,,
2401,Anterris Playtest,2752120.0,0.0,False,,,,,,,True,False,False,,,,,,"30 May, 2024",,,
2417,Petrified Playtest,2084480.0,0.0,False,,,,,,,True,False,False,,,,,,"23 Sep, 2022",,,
2572,Starlight Re:Volver Playtest,3680630.0,0.0,False,,,,,,,True,False,False,,,,,,"16 May, 2025",,,
2616,United 1944 Playtest,2383590.0,0.0,False,,,,,,,True,False,False,,,,,,"25 Oct, 2023",,,
2630,Drova - Forsaken Kin Playtest,2848770.0,0.0,False,,,,,,,True,False,False,,,,,,"7 Mar, 2024",,,
2669,Cult of Cards Playtest,2338420.0,0.0,False,,,,,,,True,False,False,,,,,,"16 Feb, 2025",,,
2776,Quantum Joe Playtest,3274670.0,0.0,False,,,,,,,True,False,False,,,,,,"11 Oct, 2024",,,
2780,Vanguard Playtest,3811660.0,0.0,False,,,,,,,True,False,False,,,,,,"18 Jul, 2025",,,
2783,Soulknight Playtest,2469790.0,0.0,False,,,,,,,True,False,False,,,,,,"2 Jul, 2023",,,
2931,Speed Master Playtest,2189400.0,0.0,False,,,,,,,True,False,False,,,,,,"19 Oct, 2022",,,
2980,Light Of The Ancients Playtest,3769340.0,0.0,False,,,,,,,True,False,False,,,,,,"11 Jun, 2025",,,
2988,鬼谷八荒 Playtest,1489280.0,0.0,False,,,,,,,True,False,False,,,,,,"9 Dec, 2020",,,
2992,Halo 2 Mod Tools - MCC,1613450.0,0.0,False,,343 Industries;Saber Interactive;Bungie,Xbox Games Studios,,,,True,False,False,,Family Sharing,,,,"13 Oct, 2021",,,
3006,Tomb Explorer VR Playtest,3093630.0,0.0,False,,,,,,,True,False,False,,,,,,"19 Jul, 2024",,,
3011,Inverse Evolver Playtest,1670190.0,0.0,False,,,,,,,True,False,False,,,,,,"28 Oct, 2021",,,
3082,Changer Seven Playtest,3794140.0,0.0,False,,,,,,,True,False,False,,,,,,"25 Jul, 2025",,,
3206,Dwarven Realms Playtest,2219380.0,0.0,False,,,,,,,True,False,False,,,,,,"19 Nov, 2022",,,
3225,Get Tanked! Playtest,1896360.0,0.0,False,,,,,,,True,False,False,,,,,,"25 Mar, 2022",,,
3250,Nongunz: Doppelganger Edition Playtest,1580280.0,0.0,False,,,,,,,True,False,False,,,,,,"24 Mar, 2021",,,
3276,RotorSim: Helicopter Simulator Playtest,3668310.0,0.0,False,,,,,,,True,False,False,,,,,,"4 May, 2025",,,
3295,Before The Mine Playtest,2750470.0,0.0,False,,,,,,,True,False,False,,,,,,"31 May, 2024",,,
3475,古镇物语 Playtest,2660280.0,0.0,False,,,,,,,True,False,False,,,,,,"30 Dec, 2024",,,
3525,Miami Hotel Simulator Multiplayer Playtest,3418240.0,0.0,False,,,,,,,True,False,False,,,,,,"24 Mar, 2025",,,
3610,The Quinfall Playtest,3056750.0,0.0,False,,,,,,,True,False,False,,,,,,"24 Sep, 2024",,,
3613,Seeds of Calamity Playtest,3509260.0,0.0,False,,,,,,,True,False,False,,,,,,"17 Feb, 2025",,,
3679,Rogue Company Playtest,1666300.0,0.0,False,,,,,,,True,False,False,,,,,,"16 Nov, 2023",,,
3802,Mix Universe Playtest,1699020.0,0.0,False,,,,,,,True,False,False,,,,,,"23 Apr, 2022",,,
3855,Stoneguard Playtest,2934420.0,0.0,False,,,,,,,True,False,False,,,,,,"27 Apr, 2024",,,
3888,Inflatum Playtest,2960020.0,0.0,False,,,,,,,True,False,False,,,,,,"25 Apr, 2024",,,
3908,Garage Flipper Playtest,2614340.0,0.0,False,,,,,,,True,False,False,,,,,,"27 Sep, 2023",,,
4072,INSPIRE Playtest,1732520.0,0.0,False,,,,,,,True,False,False,,,,,,"8 Mar, 2024",,,
4079,Lost Colony Playtest,2765150.0,0.0,False,,,,,,,True,False,False,,,,,,"26 Jan, 2025",,,
4166,Terranny Playtest,2477700.0,0.0,False,,,,,,,True,False,False,,,,,,"27 Jun, 2023",,,
4247,Avium Playtest,3629040.0,0.0,False,,,,,,,True,False,False,,,,,,"1 Apr, 2025",,,
4286,Project Castaway Playtest,2836940.0,0.0,False,,,,,,,True,False,False,,,,,,"15 Jun, 2024",,,
4315,Happy's Humble Burger Farm Playtest,1635140.0,0.0,False,,,,,,,True,False,False,,,,,,"18 Jun, 2021",,,
4442,With Last Breath Playtest,2606020.0,0.0,False,,,,,,,True,False,False,,,,,,"24 Sep, 2023",,,
4496,Motomancer: Auto Battle Playtest,1909190.0,0.0,False,,,,,,,True,False,False,,,,,,"25 Feb, 2022",,,
4636,MORSOMNIA:0 Playtest,3406000.0,0.0,False,,,,,,,True,False,False,,,,,,"3 Jan, 2025",,,
4766,Battle Aces (Beta),2820350.0,0.0,False,,,,,,,True,False,False,,,,,,"16 Apr, 2025",,,
4768,Storage Guys Playtest,3490580.0,0.0,False,,,,,,,True,False,False,,,,,,"20 Feb, 2025",,,
4882,Uh-Oh! Playtest,2189880.0,0.0,False,,,,,,,True,False,False,,,,,,"19 Oct, 2022",,,
4885,Raygun Gadabout Playtest,1626210.0,0.0,False,,,,,,,True,False,False,,,,,,"17 Jun, 2022",,,
4951,老家生活 Playtest,2301760.0,0.0,False,,,,,,,True,False,False,,,,,,"18 Oct, 2023",,,
5019,Wreckage Playtest,2519950.0,0.0,False,,,,,,,True,False,False,,,,,,"20 Jul, 2023",,,
5040,满庭芳：宋上繁华 Playtest,2019460.0,0.0,False,,,,,,,True,False,False,,,,,,"30 Sep, 2022",,,
5182,Oh Baby! Kart Playtest,2797060.0,0.0,False,,,,,,,True,False,False,,,,,,"26 Feb, 2024",,,
5299,The Karters 2: Turbo Charged Playtest,2285870.0,0.0,False,,,,,,,True,False,False,,,,,,"5 Jun, 2025",,,
5313,SPAM Playtest,3238740.0,0.0,False,,,,,,,True,False,False,,,,,,"22 Mar, 2025",,,
5320,Proxima Divide Playtest,3836610.0,0.0,False,,,,,,,True,False,False,,,,,,"26 Jun, 2025",,,
5362,FLIKK Playtest,2834480.0,0.0,False,,,,,,,True,False,False,,,,,,"23 Jun, 2024",,,
5415,Better Mart Playtest,3502180.0,0.0,False,,,,,,,True,False,False,,,,,,"31 Mar, 2025",,,
5495,Cardbuster Playtest,3332990.0,0.0,False,,,,,,,True,False,False,,,,,,,,,
5504,Deduction Playtest,1781620.0,0.0,False,,,,,,,True,False,False,,,,,,"21 Jan, 2022",,,
5572,Void Climber Playtest,2638110.0,0.0,False,,,,,,,True,False,False,,,,,,"30 Jul, 2024",,,
5602,ワンネレムー Playtest,2320700.0,0.0,False,,,,,,,True,False,False,,,,,,"22 Feb, 2023",,,
5672,Prospector Playtest,2877600.0,0.0,False,,,,,,,True,False,False,,,,,,"4 Oct, 2024",,,
5719,BOWLOUT Playtest,2197940.0,0.0,False,,,,,,,True,False,False,,,,,,"1 Nov, 2022",,,
5777,Legends Reborn Playtest,2341690.0,0.0,False,,,,,,,True,False,False,,,,,,"10 May, 2023",,,
5818,Ponolf Playtest,2992530.0,0.0,False,,,,,,,True,False,False,,,,,,"31 May, 2024",,,
5873,Celestial Empire Playtest,1807160.0,0.0,False,,,,,,,True,False,False,,,,,,"2 Oct, 2023",,,
5888,Magic Inn Playtest,3882050.0,0.0,False,,,,,,,True,False,False,,,,,,"18 Jul, 2025",,,
5978,SANNABI: The Revenant Playtest,1695090.0,0.0,False,,,,,,,True,False,False,,,,,,"18 Jan, 2022",,,
6082,SSS222: HyperSpace Playtest,2000200.0,0.0,False,,,,,,,True,False,False,,,,,,"13 May, 2022",,,
6316,"Guns, Blocks, and Steel Playtest",3161680.0,0.0,False,,,,,,,True,False,False,,,,,,"24 Oct, 2024",,,
6333,The Vaults Playtest,1798030.0,0.0,False,,,,,,,True,False,False,,,,,,"28 Feb, 2022",,,
6343,Throne of Bone Playtest,2150780.0,0.0,False,,,,,,,True,False,False,,,,,,"16 Oct, 2023",,,
6395,Pompeii: The Legacy Playtest,3485070.0,0.0,False,,,,,,,True,False,False,,,,,,"23 May, 2025",,,
6408,Solar Survivors Playtest,2302280.0,0.0,False,,,,,,,True,False,False,,,,,,"11 Aug, 2023",,,
6420,I am on Fire (小小火神） Playtest,1887980.0,0.0,False,,,,,,,True,False,False,,,,,,"27 Jan, 2022",,,
6424,Sofie: The Echoes Playtest,2977100.0,0.0,False,,,,,,,True,False,False,,,,,,"13 Aug, 2024",,,
6501,Make Your Kingdom Playtest,1743920.0,0.0,False,,,,,,,True,False,False,,,,,,"20 Oct, 2021",,,
6502,Peril Playtest,1910190.0,0.0,False,,,,,,,True,False,False,,,,,,"22 Feb, 2022",,,
6512,DunDun VR Playtest,1717780.0,0.0,False,,,,,,,True,False,False,,VR Only,,,,"11 Aug, 2021",,,
6513,Project Archipelago,3094310.0,0.0,False,,,,,,,True,False,False,,,,,,"9 Aug, 2024",,,
6535,Gas Station Manager Playtest,3355040.0,0.0,False,,,,,,,True,False,False,,,,,,"4 Jan, 2025",,,
6557,CyberBlocker Complete Edition Playtest,2141240.0,0.0,False,,,,,,,True,False,False,,,,,,"6 Sep, 2022",,,
6571,The Last Starship Playtest,2000350.0,0.0,False,,,,,,,True,False,False,,,,,,"11 Jul, 2022",,,
6603,Icewords Playtest,1829660.0,0.0,False,,,,,,,True,False,False,,,,,,"10 Dec, 2021",,,
6619,SurfsUp Playtest,3455090.0,0.0,False,,,,,,,True,False,False,,,,,,"17 Jan, 2025",,,
6653,Begone Beast Playtest,3544440.0,0.0,False,,,,,,,True,False,False,,,,,,"30 Apr, 2025",,,
6686,Cosmic Carnage Playtest,2552250.0,0.0,False,,,,,,,True,False,False,,,,,,"24 Aug, 2023",,,
6700,Doug's Nightmare Playtest,2307880.0,0.0,False,,,,,,,True,False,False,,,,,,"2 Feb, 2023",,,
6788,DemonCountdown Playtest,2653820.0,0.0,False,,,,,,,True,False,False,,,,,,"31 Oct, 2023",,,
6820,Drag Her! Playtest,2565500.0,0.0,False,,,,,,,True,False,False,,,,,,"19 Dec, 2023",,,
6898,Sokobond Express Playtest,1702310.0,0.0,False,,,,,,,True,False,False,,,,,,"21 Apr, 2022",,,
6964,Dark Laws Playtest,2944600.0,0.0,False,,,,,,,True,False,False,,,,,,"4 May, 2024",,,
6987,我在2083年的末世求生 Playtest,2719700.0,0.0,False,,,,,,,True,False,False,,,,,,"7 Dec, 2023",,,
7039,Phantoms Playtest,2858740.0,0.0,False,,,,,,,True,False,False,,,,,,"12 Mar, 2024",,,
7044,Game Store Chronicle Playtest,3740220.0,0.0,False,,,,,,,True,False,False,,,,,5.0,"29 May, 2025",,,
7111,Ved:Recure PlayTest,3801000.0,0.0,False,,,,,,,True,False,False,,,,,,"22 Jun, 2025",,,
7268,The Chronicles of Penghao: Ming PlayTest,2919360.0,0.0,False,,,,,,,True,False,False,,,,,,"4 Apr, 2024",,,
7340,Backrooms: Realm of Shadows Playtest,2446580.0,0.0,False,,,,,,,True,False,False,,,,,,"25 May, 2023",,,
7391,DIE LAST Playtest,2928840.0,0.0,False,,,,,,,True,False,False,,,,,,"10 Jun, 2024",,,
7423,Retrozen Playtest,2999610.0,0.0,False,,,,,,,True,False,False,,,,,,"24 May, 2024",,,
7522,Intravenous 2 Playtest,2738400.0,0.0,False,,,,,,,True,False,False,,,,,,"18 Dec, 2023",,,
7592,On The Wind's Breath Playtest,2429910.0,0.0,False,,,,,,,True,False,False,,,,,,"10 Jul, 2023",,,
7622,Grim Prix Playtest,2707640.0,0.0,False,,,,,,,True,False,False,,,,,,"29 Apr, 2024",,,
7690,Imperium Playtest,3285990.0,0.0,False,,,,,,,True,False,False,,,,,,"26 Oct, 2024",,,
7791,东方崛起 Playtest,2769490.0,0.0,False,,,,,,,True,False,False,,,,,,"23 Jan, 2024",,,
7915,HYPER PRIMATE Playtest,2595570.0,0.0,False,,,,,,,True,False,False,,,,,,"8 Dec, 2024",,,
7928,Neon Highways Playtest,3435390.0,0.0,False,,,,,,,True,False,False,,,,,,"21 Apr, 2025",,,
7944,Ultimus Playtest,2619470.0,0.0,False,,,,,,,True,False,False,,,,,,"26 Sep, 2023",,,
8007,Legend Of Calvas Playtest,2664410.0,0.0,False,,,,,,,True,False,False,,,,,,"26 Oct, 2023",,,
8091,KitHack Model Club Playtest,2461860.0,0.0,False,,,,,,,True,False,False,,,,,,"4 Apr, 2024",,,
8149,Breaking Box Playtest,1618890.0,0.0,False,,,,,,,True,False,False,,,,,,"20 May, 2021",,,
8153,Broken Arrow Playtest,2696030.0,0.0,False,,,,,,,True,False,False,,,,,,"12 Nov, 2024",,,
8242,Neighbors: Suburban Warfare - Playtest,2222400.0,0.0,False,,,,,,,True,False,False,,,,,,"3 Apr, 2025",,,
8272,Mad Valley Playtest,3173950.0,0.0,False,,,,,,,True,False,False,,,,,,"21 Aug, 2024",,,
8328,Harbinger Playtest,3180120.0,0.0,False,,,,,,,True,False,False,,,,,,"22 Aug, 2024",,,
8335,ASTA-POOL: Can humans beat bots? Playtest,2925240.0,0.0,False,,,,,,,True,False,False,,,,,,"20 Jun, 2024",,,
8428,Sister of a Dragon Playtest,3656820.0,0.0,False,,,,,,,True,False,False,,,,,,"22 May, 2025",,,
8516,SAVE Playtest,3208810.0,0.0,False,,,,,,,True,False,False,,,,,,"5 Nov, 2024",,,
8543,NecroCity Playtest,2615820.0,0.0,False,,,,,,,True,False,False,,,,,,"19 Oct, 2023",,,
8596,Resurrection of mind Playtest,1857620.0,0.0,False,,,,,,,True,False,False,,,,,,"30 Dec, 2021",,,
8676,Worlds of Aria - Beta version,2280550.0,0.0,False,,,,,,,True,False,False,,,,,,"4 Jul, 2024",,,
8681,Becoming Saint Playtest,3544140.0,0.0,False,,,,,,,True,False,False,,,,,,"21 Mar, 2025",,,
8768,PIGGY: Hunt Playtest,1725250.0,0.0,False,,,,,,,True,False,False,,,,,,"13 Oct, 2021",,,
8823,DOUGH: A Crime Strategy RPG Playtest,3026050.0,0.0,False,,,,,,,True,False,False,,,,,,"14 Jun, 2024",,,
8839,Gatedelvers Playtest,2204590.0,0.0,False,,,,,,,True,False,False,,,,,,"4 Jan, 2024",,,
8863,Cthulhu: The Cosmic Abyss Playtest,3745980.0,0.0,False,,,,,,,True,False,False,,,,,,"15 Jul, 2025",,,
8876,Headbangers: Rhythm Royale Playtest,2526400.0,0.0,False,,,,,,,True,False,False,,,,,,"27 Aug, 2023",,,
8883,eXoSpace Combat Engineer Playtest,3597250.0,0.0,False,,,,,,,True,False,False,,,,,,"20 Mar, 2025",,,
9018,Kingdom Loop Playtest,3579590.0,0.0,False,,,,,,,True,False,False,,,,,,"5 May, 2025",,,
9052,Infuse VR Playtest,2806500.0,0.0,False,,,,,,,True,False,False,,,,,,"17 Feb, 2024",,,
9060,The Fruit Game Playtest,3710000.0,0.0,False,,,,,,,True,False,False,,,,,,"15 May, 2025",,,
9118,Hellcome Playtest,2625140.0,0.0,False,,,,,,,True,False,False,,,,,,"2 Oct, 2023",,,
9191,Outerstellar Playtest,2532860.0,0.0,False,,,,,,,True,False,False,,,,,,"19 Sep, 2023",,,
9213,Candy Shop Simulator Playtest,2811570.0,0.0,False,,,,,,,True,False,False,,,,,,"27 Jan, 2025",,,
9255,KILLBEAT Playtest,2955570.0,0.0,False,,,,,,,True,False,False,,Full controller support,,,,"26 Apr, 2024",,,
9280,BLOCKPOST MOBILE Playtest,2544470.0,0.0,False,,,,,,,True,False,False,,,,,,"7 Sep, 2023",,,
9315,Macabre Playtest,3422480.0,0.0,False,,,,,,,True,False,False,,,,,,"23 Feb, 2025",,,
9397,Orbtangle Playtest,2174540.0,0.0,False,,,,,,,True,False,False,,,,,,"4 Oct, 2022",,,
9433,STUNTMAN Playtest,3094200.0,0.0,False,,,,,,,True,False,False,,,,,,,,,
9473,Apocalyptic Cuisine Playtest,3673690.0,0.0,False,,,,,,,True,False,False,,,,,,"16 Jul, 2025",,,
9524,Knock'Em Out Playtest,2735250.0,0.0,False,,,,,,,True,False,False,,,,,,"29 May, 2025",,,
9533,Stormforge Playtest,3638330.0,0.0,False,,,,,,,True,False,False,,,,,,"3 Apr, 2025",,,
9576,The Spell Brigade Playtest,2959570.0,0.0,False,,,,,,,True,False,False,,,,,,"25 Jul, 2024",,,
9622,DarkBlood -Reborn- Playtest,1877150.0,0.0,False,,,,,,,True,False,False,,,,,,"28 Jan, 2022",,,
9701,Fealty Playtest,2954580.0,0.0,False,,,,,,,True,False,False,,,,,,"1 May, 2024",,,
9703,Enso Playtest,2817800.0,0.0,False,,,,,,,True,False,False,,,,,,"2 Feb, 2024",,,
9705,"Eat Fish, Get Achievements Playtest",2140820.0,0.0,False,,,,,,,True,False,False,,,,,,"2 Sep, 2022",,,
9727,THE LAST BEAT Playtest,1742560.0,0.0,False,,,,,,,True,False,False,,,,,,"8 Feb, 2022",,,
9737,Mother Machine Playtest,2764040.0,0.0,False,,,,,,,True,False,False,,,,,,"23 Dec, 2024",,,
9739,Alien Dark Wars (Beta Playtest),3424240.0,0.0,False,,,,,,,True,False,False,,,,,,,,,
9753,Dungeons 4 Playtest,2223360.0,0.0,False,,,,,,,True,False,False,,,,,,"20 Jan, 2023",,,
9813,Improbable Soccer Playtest,2978100.0,0.0,False,,,,,,,True,False,False,,,,,,"22 Oct, 2024",,,
9883,Terrorformer TD Playtest,2850670.0,0.0,False,,,,,,,True,False,False,,,,,,"28 Feb, 2024",,,
9930,Chrono Odyssey Playtest,3404800.0,0.0,False,,,,,,,True,False,False,,Full controller support,,,,"18 Jun, 2025",,,
9999,Aliosso Playtest,2947790.0,0.0,False,,,,,,,True,False,False,,,,,,"21 May, 2024",,,
10029,Empires of a Tiny Universe Playtest,3506990.0,0.0,False,,,,,,,True,False,False,,,,,,,,,
10072,Broventure: The Wild Сo-op Playtest,3219040.0,0.0,False,,,,,,,True,False,False,,,,,,,,,
10126,NOeSIS-羽化 Playtest,1614320.0,0.0,False,,,,,,,True,False,False,,,,,,"22 Apr, 2021",,,
10133,Cowboy 3030 Playtest,2486440.0,0.0,False,,,,,,,True,False,False,,,,,,"9 Jul, 2023",,,
10148,ARC Raiders Playtest,2427520.0,0.0,False,,,,,,,True,False,False,,Full controller support,,,,"30 Apr, 2025",,,
10211,Hyperbolica Playtest,1889270.0,0.0,False,,,,,,,True,False,False,,,,,,"27 Jan, 2022",,,
10262,Hot Rod Mayhem Playtest,3760660.0,0.0,False,,,,,,,True,False,False,,,,,,"17 Jun, 2025",,,
10281,Halloween Games for Toddlers and Kids Playtest,2623280.0,0.0,False,,,,,,,True,False,False,,,,,,"28 Sep, 2023",,,
10326,Starsiege Alpha Playtest,2222330.0,0.0,False,,,,,,,True,False,False,,,,,,"26 Jun, 2023",,,
10380,Sheltered 2 Playtest,1620620.0,0.0,False,,,,,,,True,False,False,,,,,,"3 Jun, 2021",,,
10450,Swapmeat Playtest,3113960.0,0.0,False,,,,,,,True,False,False,,Full controller support,,,,"17 Jul, 2025",,,
10589,Jotunnslayer: Hordes of Hel Playtest,3039550.0,0.0,False,,,,,,,True,False,False,,,,,,"12 Jun, 2024",,,
10595,Sand Playtest,2981610.0,0.0,False,,,,,,,True,False,False,,,,,,"17 Feb, 2025",,,
10753,City Tales - Medieval Era Playtest,3428360.0,0.0,False,,,,,,,True,False,False,,,,,,"30 Apr, 2025",,,
10764,Elemental Land Playtest,2277760.0,0.0,False,,,,,,,True,False,False,,,,,,"25 Jan, 2023",,,
10824,Omakase (お任せ) Playtest,3262890.0,0.0,False,,,,,,,True,False,False,,,,,,"17 Oct, 2024",,,
10912,夜幕 Playtest,2931070.0,0.0,False,,,,,,,True,False,False,,,,,,"19 Apr, 2024",,,
10969,Bloodstained: Ritual of the Night Playtest,2399960.0,0.0,False,,,,,,,True,False,False,,,,,,"22 May, 2023",,,
11047,末卡未来 Playtest,2508270.0,0.0,False,,,,,,,True,False,False,,,,,,"11 Jul, 2023",,,
11089,Sucker Punch Playtest,1632470.0,0.0,False,,,,,,,True,False,False,,VR Only,,,,"18 Jun, 2021",,,
11160,Blade Assault Playtest,1426470.0,0.0,False,,,,,,,True,False,False,,,,,,"12 May, 2021",,,
11172,Ballardo Playtest,3834420.0,0.0,False,,,,,,,True,False,False,,,,,,"1 Jul, 2025",,,
11316,Eternal Damnation Playtest,2576420.0,0.0,False,,,,,,,True,False,False,,,,,,"25 Apr, 2024",,,
11366,We who are about to Die Playtest,1707800.0,0.0,False,,,,,,,True,False,False,,,,,,"28 Jul, 2021",,,
11383,Codex Lost Playtest,2382950.0,0.0,False,,,,,,,True,False,False,,,,,,"5 Apr, 2023",,,
11421,Chloe the Cat Playtest,2974530.0,0.0,False,,,,,,,True,False,False,,,,,,"22 Jun, 2024",,,
11504,Lost Paws Playtest,2439430.0,0.0,False,,,,,,,True,False,False,,,,,,"8 Dec, 2024",,,
11520,Island Assault Playtest,1931630.0,0.0,False,,,,,,,True,False,False,,,,,,"10 Mar, 2022",,,
11655,Light of Coco Playtest,2490740.0,0.0,False,,,,,,,True,False,False,,,,,,"28 Jun, 2023",,,
11701,Balatro Playtest,2460470.0,0.0,False,,,,,,,True,False,False,,,,,,"4 Jun, 2023",,,
11755,Pixelshire Playtest,3479850.0,0.0,False,,,,,,,True,False,False,,,,,,"28 Jan, 2025",,,
11796,Oldowan Playtest,1732250.0,0.0,False,,,,,,,True,False,False,,,,,,"9 Feb, 2022",,,
11840,Smelogs Playground Playtest,2236250.0,0.0,False,,,,,,,True,False,False,,,,,,"7 Feb, 2023",,,
11936,Minutescape Playtest,3376450.0,0.0,False,,,,,,,True,False,False,,,,,,"29 Nov, 2024",,,
11952,Campus Legends College Basketball Playtest,3205330.0,0.0,False,,,,,,,True,False,False,,,,,,"7 Sep, 2024",,,
12098,Solar Wave Playtest,3364340.0,0.0,False,,,,,,,True,False,False,,,,,,"22 Feb, 2025",,,
12178,TFM: The First Men Playtest,1746330.0,0.0,False,,,,,,,True,False,False,,,,,,"7 Jun, 2022",,,
12294,Wild Script: Nature Playtest,3379120.0,0.0,False,,,,,,,True,False,False,,,,,,"30 Nov, 2024",,,
12307,The Ultimate Game Playtest,1560300.0,0.0,False,,,,,,,True,False,False,,,,,,"6 Oct, 2021",,,
12310,Sinbad Playtest,1776060.0,0.0,False,,,,,,,True,False,False,,,,,,"6 Oct, 2021",,,
12374,Skyformer Playtest,3063260.0,0.0,False,,,,,,,True,False,False,,,,,,"30 Jun, 2024",,,
12389,Dreamspring Playtest,3369530.0,0.0,False,,,,,,,True,False,False,,,,,,"14 May, 2025",,,
12434,Karate Survivor Playtest,3027950.0,0.0,False,,,,,,,True,False,False,,,,,,"14 Aug, 2024",,,
12559,In The Black Playtest,1698940.0,0.0,False,,,,,,,True,False,False,,,,,,"29 Jul, 2021",,,
12729,Leap Of Faith Playtest,3428070.0,0.0,False,,,,,,,True,False,False,,,,,,"8 Jan, 2025",,,
12797,Costly Adventure Playtest,2399340.0,0.0,False,,,,,,,True,False,False,,,,,,"20 Apr, 2023",,,
12813,GunsBox VR Playtest,1891530.0,0.0,False,,,,,,,True,False,False,,VR Only,,,,"28 Jan, 2022",,,
12831,Infinity Girl Playtest,3435900.0,0.0,False,,,,,,,True,False,False,,,,,,"7 Feb, 2025",,,
12862,Graduated Playtest,1746320.0,0.0,False,,,,,,,True,False,False,,,,,,"5 May, 2022",,,
12883,Conquistador Playtest,2174890.0,0.0,False,,,,,,,True,False,False,,,,,,"27 Jul, 2023",,,
13064,Nigate Tale Playtest,1521890.0,0.0,False,,,,,,,True,False,False,,,,,,"12 Jan, 2021",,,
13269,Trails Playtest,3610090.0,0.0,False,,,,,,,True,False,False,,,,,,"27 Mar, 2025",,,
13276,Viking Chef: Feast Frenzy Playtest,2555450.0,0.0,False,,,,,,,True,False,False,,,,,,"15 Sep, 2023",,,
13302,Spellcraft Playtest,2009030.0,0.0,False,,,,,,,True,False,False,,,,,,"20 Feb, 2023",,,
13327,"Slayers, Inc. Playtest",1756350.0,0.0,False,,,,,,,True,False,False,,,,,,"13 Sep, 2021",,,
13398,Yuri's Resolve Playtest,3702460.0,0.0,False,,,,,,,True,False,False,,,,,,"30 Apr, 2025",,,
13440,Cyberpunk Detective Playtest,3117700.0,0.0,False,,,,,,,True,False,False,,,,,,"30 Aug, 2024",,,
13496,The Caretaker Playtest,1472290.0,0.0,False,,,,,,,True,False,False,,,,,,"13 Nov, 2020",,,
13502,Cyborg: Rise Playtest,3088230.0,0.0,False,,,,,,,True,False,False,,,,,,"15 Dec, 2024",,,
13581,Static Dread Playtest,3313440.0,0.0,False,,,,,,,True,False,False,,,,,,"5 Jul, 2025",,,
13640,WAR RATS: The Rat em Up Playtest,3328990.0,0.0,False,,,,,,,True,False,False,,,,,,"29 Jul, 2025",,,
13861,Tatonka the Space Whale Playtest,2542050.0,0.0,False,,,,,,,True,False,False,,,,,,"3 Aug, 2023",,,
13917,LosenAltasOnline - 罗森图鉴 Playtest,2966480.0,0.0,False,,,,,,,True,False,False,,,,,,"21 Aug, 2024",,,
13958,迷宫贩~魔王城的开店还债之旅~ Playtest,3099930.0,0.0,False,,,,,,,True,False,False,,,,,,"14 Jul, 2024",,,
13981,Dark Age Asunder Playtest,3412630.0,0.0,False,,,,,,,True,False,False,,,,,,"18 Jan, 2025",,,
13982,Transcendence,2199410.0,0.0,False,,烧糊梦工厂,烧糊梦工厂,,,,True,False,False,,Single-player;Family Sharing,Adventure;Indie;RPG,,,,,,
13992,Murder Next Room Playtest,2158230.0,0.0,False,,,,,,,True,False,False,,,,,,"20 Sep, 2022",,,
14046,Umigame Playtest,3073190.0,0.0,False,,,,,,,True,False,False,,,,,,"22 Jul, 2025",,,
14130,Provoron Playtest,3668970.0,0.0,False,,,,,,,True,False,False,,,,,,"16 Jun, 2025",,,
14138,Starveil Playtest,2499350.0,0.0,False,,,,,,,True,False,False,,,,,,"10 Dec, 2023",,,
14156,Town To City Playtest,3812070.0,0.0,False,,,,,,,True,False,False,,,,,,"Jun 25, 2025",,,
14167,FEROCIOUS Playtest,3104960.0,0.0,False,,,,,,,True,False,False,,,,,,"10 Jan, 2025",,,
14215,Hellsweeper VR Playtest,1701780.0,0.0,False,,,,,,,True,False,False,,VR Only,,,,"2 Sep, 2021",,,
14245,Dungeon Stalkers Playtest,2691730.0,0.0,False,,,,,,,True,False,False,,,,,,"24 Jun, 2025",,,
14270,Choppy Waters Playtest,3802880.0,0.0,False,,,,,,,True,False,False,,,,,,"20 Jun, 2025",,,
14278,Kingdom Flipper Playtest,3228820.0,0.0,False,,,,,,,True,False,False,,,,,,"6 Dec, 2024",,,
14302,遗忘之地 Playtest,1981040.0,0.0,False,,,,,,,True,False,False,,,,,,"26 Apr, 2022",,,
14326,Learning Factory Playtest,1475800.0,0.0,False,,,,,,,True,False,False,,,,,,"18 Nov, 2020",,,
14392,Tactical Troops: Anthracite Shift Playtest,1691310.0,0.0,False,,,,,,,True,False,False,,,,,,"16 Sep, 2022",,,
14445,Lets Get Loot! Playtest,3459240.0,0.0,False,,,,,,,True,False,False,,,,,,"17 Jan, 2025",,,
14569,The Events at Unity Farm Playtest,2146410.0,0.0,False,,,,,,,True,False,False,,VR Supported,,,,"21 Dec, 2022",,,
14706,Princess of the Medieval Dark Age VR,3633900.0,0.0,False,,Magicbyte,Magicbyte,,,,True,False,False,,Single-player;VR Only;Family Sharing,Casual,,,Coming soon,,,
14726,Unpossess Playtest,3242760.0,0.0,False,,,,,,,True,False,False,,,,,,"8 Nov, 2024",,,
14790,Underboard Playtest,2656750.0,0.0,False,,,,,,,True,False,False,,,,,,"2 Jan, 2024",,,
14844,Atomic Cards Playtest,1728750.0,0.0,False,,,,,,,True,False,False,,,,,,"17 Aug, 2021",,,
14893,Descendance Playtest,3581240.0,0.0,False,,,,,,,True,False,False,,,,,,"26 Jul, 2025",,,
14946,The Front Playtest,2541620.0,0.0,False,,,,,,,True,False,False,,,,,,"22 Aug, 2023",,,
14974,Ancient Wars: Medieval Crusades Playtest,2006660.0,0.0,False,,,,,,,True,False,False,,,,,,"19 Jun, 2023",,,
15069,Orten Was The Case Playtest,2206330.0,0.0,False,,,,,,,True,False,False,,,,,,"4 Nov, 2022",,,
15159,American Theft 80s Playtest,1890720.0,0.0,False,,,,,,,True,False,False,,,,,,"7 Feb, 2022",,,
15292,The Walking Dead: Betrayal Playtest,2480280.0,0.0,False,,,,,,,True,False,False,,,,,,"25 Aug, 2023",,,
15321,Boogey's Wicked Game Playtest,3741150.0,0.0,False,,,,,,,True,False,False,,,,,,"16 May, 2025",,,
15330,百煉登神 Playtest,2229190.0,0.0,False,,,,,,,True,False,False,,,,,,"14 Mar, 2023",,,
15366,Among Stars Playtest,1941300.0,0.0,False,,,,,,,True,False,False,,,,,,"20 Mar, 2022",,,
15403,Master of Chess Playtest,2966710.0,0.0,False,,,,,,,True,False,False,,,,,,"9 May, 2024",,,
15434,Letterlike Playtest,3492840.0,0.0,False,,,,,,,True,False,False,,,,,,"5 Feb, 2025",,,
15491,ENDALOR Playtest,2450830.0,0.0,False,,,,,,,True,False,False,,,,,,"10 Apr, 2024",,,
15512,Odra.Online Playtest,3675590.0,0.0,False,,,,,,,True,False,False,,,,,,"15 May, 2025",,,
15557,Fortune Avenue Playtest,3276500.0,0.0,False,,,,,,,True,False,False,,,,,,"9 Oct, 2024",,,
15785,Neanderthallica Playtest,3690140.0,0.0,False,,,,,,,True,False,False,,,,,,"28 Apr, 2025",,,
16122,Peaceful Soul Playtest,1484700.0,0.0,False,,,,,,,True,False,False,,,,,,"27 Nov, 2020",,,
16127,东方醉游稽传~Touhou Drunken Rebellion Playtest,3867220.0,0.0,False,,,,,,,True,False,False,,,,,,"15 Jul, 2025",,,
16228,R.A.V.E - Real-time Audio Visual Experience Playtest,1759540.0,0.0,False,,,,,,,True,False,False,,VR Supported,,,,"28 Feb, 2023",,,
16330,Tidewoken Playtest,1613800.0,0.0,False,,,,,,,True,False,False,,,,,,"22 May, 2022",,,
16359,Oaken Playtest,1836540.0,0.0,False,,,,,,,True,False,False,,,,,,"12 Feb, 2022",,,
16388,Run From Mummies Playtest,2684750.0,0.0,False,,,,,,,True,False,False,,,,,,"22 Nov, 2023",,,
16391,Legendary Hoplite Playtest,2627000.0,0.0,False,,,,,,,True,False,False,,,,,,"11 Oct, 2023",,,
16444,Shale Playtest,3068010.0,0.0,False,,,,,,,True,False,False,,,,,,"4 Jul, 2024",,,
16490,Pasture: The Livestock Simulator Playtest,2716740.0,0.0,False,,,,,,,True,False,False,,,,,,"28 Dec, 2023",,,
16555,Raven Port Playtest,1615320.0,0.0,False,,,,,,,True,False,False,,,,,,"30 Apr, 2021",,,
16558,Astrometica Playtest,2553550.0,0.0,False,,,,,,,True,False,False,,,,,,"28 Mar, 2024",,,
16566,Ways of Alchemy Playtest,3328560.0,0.0,False,,,,,,,True,False,False,,,,,,"21 Jan, 2025",,,
16607,Arms of God Playtest,3346230.0,0.0,False,,,,,,,True,False,False,,,,,,"14 Apr, 2025",,,
16666,BitLiberator Playtest,3688560.0,0.0,False,,,,,,,True,False,False,,,,,,,,,
16680,Pavé Playtest,3484540.0,0.0,False,,,,,,,True,False,False,,,,,,"8 Feb, 2025",,,
16689,Sizzle & Stack Playtest,3844790.0,0.0,False,,,,,,,True,False,False,,,,,,"10 Jul, 2025",,,
16716,Crossed Wires Playtest,2838530.0,0.0,False,,,,,,,True,False,False,,,,,,"13 Mar, 2024",,,
16759,Trials of Yarbil Playtest,3325700.0,0.0,False,,,,,,,True,False,False,,,,,,"27 Apr, 2025",,,
16804,Spells & Secrets Playtest,2581280.0,0.0,False,,,,,,,True,False,False,,,,,,"14 Sep, 2023",,,
16805,Kinetic: Break All Limits Playtest,2265780.0,0.0,False,,,,,,,True,False,False,,,,,,"1 Feb, 2023",,,
16863,Kayak VR Playtest,1683360.0,0.0,False,,,,,,,True,False,False,,VR Only,,,,"8 Jul, 2021",,,
16920,Forever Skies Playtest,2229690.0,0.0,False,,,,,,,True,False,False,,,,,,"5 Dec, 2024",,,
16949,Vigilant Inquest Playtest,2810290.0,0.0,False,,,,,,,True,False,False,,,,,,"3 May, 2024",,,
16967,HELLIST Playtest,1599650.0,0.0,False,,,,,,,True,False,False,,,,,28.0,"12 Apr, 2021",,,
17125,Tennis Manager 2021 Playtest,1607520.0,0.0,False,,,,,,,True,False,False,,,,,,"29 Apr, 2021",,,
17327,Relics of Cilldrea Playtest,1800140.0,0.0,False,,,,,,,True,False,False,,,,,,"22 Dec, 2022",,,
17346,Bite Nite Playtest,2139050.0,0.0,False,,,,,,,True,False,False,,,,,,"5 Oct, 2022",,,
17386,Hell is Others Playtest,2091110.0,0.0,False,,,,,,,True,False,False,,,,,,"2 Sep, 2022",,,
17452,Liar's Bar Playtest,3223610.0,0.0,False,,,,,,,True,False,False,,,,,,"14 Sep, 2024",,,
17701,Tears of Viceroy Playtest,3673740.0,0.0,False,,,,,,,True,False,False,,,,,,"2 Jul, 2025",,,
17751,Hunteroids Playtest,2107880.0,0.0,False,,,,,,,True,False,False,,,,,,"2 Aug, 2022",,,
17784,Market master simulator Playtest,3117980.0,0.0,False,,,,,,,True,False,False,,,,,,"21 Jul, 2024",,,
17865,BITGUN Playtest,1819200.0,0.0,False,,,,,,,True,False,False,,,,,,"15 Nov, 2021",,,
17962,Buccaneers! Playtest,1830510.0,0.0,False,,,,,,,True,False,False,,VR Supported,,,,"30 Nov, 2021",,,
18068,Just Keep Looting Playtest,3552450.0,0.0,False,,,,,,,True,False,False,,,,,,"3 Mar, 2025",,,
18146,Dead Weight Playtest,3232080.0,0.0,False,,,,,,,True,False,False,,,,,,"14 Aug, 2025",,,
18152,Air Hockey VR Playtest,2504570.0,0.0,False,,,,,,,True,False,False,,VR Only,,,,"10 Jul, 2023",,,
18191,Room Box Playtest,1950180.0,0.0,False,,,,,,,True,False,False,,,,,,"29 Mar, 2022",,,
18203,ENDLESS™ Dungeon – Closed Beta,2064800.0,0.0,False,,,,,,,True,False,False,,,,,,"7 Sep, 2023",,,
18226,Into Evil Playtest,3614040.0,0.0,False,,,,,,,True,False,False,,,,,,"2 May, 2025",,,
18329,Company of Heroes 3 Playtest,2245830.0,0.0,False,,,,,,,True,False,False,,,,,,"11 Jan, 2023",,,
18340,Sword King Playtest,2181690.0,0.0,False,,,,,,,True,False,False,,VR Only,,,,"15 Oct, 2022",,,
18446,Phantom Line Playtest,3015240.0,0.0,False,,,,,,,True,False,False,,,,,,"29 Jan, 2025",,,
18549,CloverPit Playtest,3691690.0,0.0,False,,,,,,,True,False,False,,,,,,"10 Jul, 2025",,,
18739,Kingdom Quest Playtest,2231220.0,0.0,False,,,,,,,True,False,False,,,,,,"27 Nov, 2022",,,
18795,"DADOO: Twists, Turns, and Mischiefs Playtest",2507450.0,0.0,False,,,,,,,True,False,False,,,,,,"14 Aug, 2023",,,
18839,Kill It With Fire 2 Playtest,2587070.0,0.0,False,,,,,,,True,False,False,,,,,,"18 Sep, 2023",,,
18971,Whiffle Blasters Playtest,1469510.0,0.0,False,,,,,,,True,False,False,,,,,,"1 Dec, 2020",,,
18996,Rocket Rumble Playtest,1475030.0,0.0,False,,,,,,,True,False,False,,,,,,"28 May, 2021",,,
19006,HardAF Playtest,3406780.0,0.0,False,,,,,,,True,False,False,,,,,,"8 Jan, 2025",,,
19014,Project UFO草稿版 Playtest,2485160.0,0.0,False,,,,,,,True,False,False,,,,,,"3 Jul, 2023",,,
19116,Bad Egg Playtest,2604950.0,0.0,False,,,,,,,True,False,False,,,,,,"25 Sep, 2023",,,
19196,Power Chord Playtest,1912790.0,0.0,False,,,,,,,True,False,False,,,,,,"18 Nov, 2022",,,
19200,Delicious Dungeon Playtest,2517140.0,0.0,False,,,,,,,True,False,False,,,,,,"17 Jul, 2023",,,
19299,Gravity Blasters Playtest,1627370.0,0.0,False,,,,,,,True,False,False,,,,,,"5 Aug, 2025",,,
19357,Beacon Pines Playtest,1786520.0,0.0,False,,,,,,,True,False,False,,,,,,"27 Oct, 2021",,,
19382,Bella Wants Blood Playtest,3062100.0,0.0,False,,,,,,,True,False,False,,,,,,"22 Jun, 2024",,,
19411,Sweet Transit Playtest,1912800.0,0.0,False,,,,,,,True,False,False,,,,,,"12 Apr, 2022",,,
19421,SquareMan-Boy Playtest,1854330.0,0.0,False,,,,,,,True,False,False,,,,,,"20 Dec, 2021",,,
19472,Defiance 2050 - Beta,825430.0,0.0,True,,,,,,,True,False,False,,Family Sharing,,,,"20 Apr, 2018",,,
19492,Scorching Engines Playtest,2765800.0,0.0,False,,,,,,,True,False,False,,,,,,"6 Jan, 2024",,,
19571,Gravity Playtest,2304920.0,0.0,False,,,,,,,True,False,False,,,,,,"15 Feb, 2023",,,
19577,Moen Playtest,2481650.0,0.0,False,,,,,,,True,False,False,,,,,,"9 Apr, 2024",,,
19621,Super Dungeon Designer Playtest,1614000.0,0.0,False,,,,,,,True,False,False,,,,,,"19 Apr, 2023",,,
19631,Wren Playtest,3363220.0,0.0,False,,,,,,,True,False,False,,,,,,"26 Jun, 2025",,,
19676,Inkulinati Playtest,2233460.0,0.0,False,,,,,,,True,False,False,,,,,,"19 Dec, 2022",,,
19817,Sinfeld Remastered Playtest,1739510.0,0.0,False,,,,,,,True,False,False,,,,,,"30 Aug, 2021",,,
19826,Rogue Masters Playtest,2549690.0,0.0,False,,,,,,,True,False,False,,,,,,"4 Sep, 2023",,,
19881,Hired 2 Die Playtest,1895180.0,0.0,False,,,,,,,True,False,False,,,,,,"31 Mar, 2023",,,
19957,Hellbreach: Vegas Playtest,2427200.0,0.0,False,,,,,,,True,False,False,,,,,,"21 Feb, 2024",,,
19973,Steel Ocean: Wolves of Deep Sea Playtest,1951450.0,0.0,False,,,,,,,True,False,False,,,,,,"7 Apr, 2022",,,
20016,beta decay Playtest,3055880.0,0.0,False,,,,,,,True,False,False,,,,,,"25 Jul, 2024",,,
20044,Galactic Garrison Playtest,3289120.0,0.0,False,,,,,,,True,False,False,,,,,,"26 Oct, 2024",,,
20141,Shadow Labyrinth Playtest,3750140.0,0.0,False,,,,,,,True,False,False,,,,,,"13 Jun, 2025",,,
20230,MuteX+ Playtest,3608500.0,0.0,False,,,,,,,True,False,False,,,,,,"16 Aug, 2025",,,
20273,Shop Simulator Playtest,3240740.0,0.0,False,,,,,,,True,False,False,,,,,,"1 Oct, 2024",,,
20275,Orc Survivor Playtest,2652070.0,0.0,False,,,,,,,True,False,False,,,,,,"25 Oct, 2023",,,
20331,Mecha BREAK Playtest,3016800.0,0.0,False,,,,,,,True,False,False,,,,,,"30 Jul, 2024",,,
20332,Zector 7 Playtest,2935350.0,0.0,False,,,,,,,True,False,False,,,,,,"9 May, 2024",,,
20346,HAELE 3D - Portrait Studio Lite - Drawing References Playtest,3170520.0,0.0,False,,,,,,,True,False,False,,,,,,"17 Aug, 2024",,,
20400,Hex Racer Playtest,2479040.0,0.0,False,,,,,,,True,False,False,,,,,,"17 Jun, 2023",,,
20424,Coridden Playtest,3023410.0,0.0,False,,,,,,,True,False,False,,,,,,"16 Jul, 2024",,,
20461,My Tiny Garden Playtest,3869150.0,0.0,False,,,,,,,True,False,False,,,,,,"10 Jul, 2025",,,
20486,Chrysalis Playtest,1805770.0,0.0,False,,,,,,,True,False,False,,,,,,"29 Oct, 2021",,,
20567,FREE DUNK Playtest,3728330.0,0.0,False,,,,,,,True,False,False,,,,,,"16 Jun, 2025",,,
20586,Goldenheart Playtest,3013480.0,0.0,False,,,,,,,True,False,False,,,,,,"30 May, 2024",,,
20595,HotBunz Playtest,3140400.0,0.0,False,,,,,,,True,False,False,,,,,,"6 Aug, 2024",,,
20596,The Inspector Playtest,1697830.0,0.0,False,,,,,,,True,False,False,,,,,,"19 Jul, 2021",,,
20838,Restaurant Renovator Playtest,1904890.0,0.0,False,,,,,,,True,False,False,,,,,,"20 Dec, 2022",,,
21061,Aliens After Ava Playtest,2067340.0,0.0,False,,,,,,,True,False,False,,,,,,"6 Jul, 2022",,,
21066,Valhalla Awaits Playtest,3558610.0,0.0,False,,,,,,,True,False,False,,,,,,"1 Mar, 2025",,,
21090,Age of Empires IV Technical Stress Test,1015520.0,0.0,False,,Relic Entertainment;World's Edge,Xbox Game Studios,,,,True,False,False,,Single-player;Multi-player;PvP;Online PvP;Co-op;Online Co-op;Cross-Platform Multiplayer;Steam Achievements,Strategy,,,"17 Sep, 2021",,,
21110,Slime Wars Playtest,2652380.0,0.0,False,,,,,,,True,False,False,,,,,,"16 Oct, 2023",,,
21118,Doggy Don't Care Playtest,2463050.0,0.0,False,,,,,,,True,False,False,,,,,,"11 Jun, 2023",,,
21128,Project ThunderHorse Playtest,3453710.0,0.0,False,,,,,,,True,False,False,,,,,,"11 Apr, 2025",,,
21201,Aquamarine Playtest,1652810.0,0.0,False,,,,,,,True,False,False,,,,,,"17 Nov, 2022",,,
21233,STRIDEN Playtest,2698820.0,0.0,False,,,,,,,True,False,False,,,,,,"27 Jun, 2025",,,
21258,K3LVN Playtest,1956290.0,0.0,False,,,,,,,True,False,False,,,,,,"22 Apr, 2022",,,
21335,New World Playtest,1724660.0,0.0,False,,,,,,,True,False,False,,,,,,"6 Sep, 2024",,,
21640,VR Battle of the sea monsters,3478040.0,0.0,False,,Magicbyte,Magicbyte,,,,True,False,False,,Single-player;VR Only;Family Sharing,Action;Adventure;Casual;Sports,,,Coming soon,,,
21812,DANCE EDEN Playtest,2934640.0,0.0,False,,,,,,,True,False,False,,,,,,"9 May, 2024",,,
21815,Oddballs Playtest,3344120.0,0.0,False,,,,,,,True,False,False,,,,,,"28 Nov, 2024",,,
21859,Builders Of Egypt Playtest,1858190.0,0.0,False,,,,,,,True,False,False,,,,,,"9 Aug, 2023",,,
21882,Last Epoch Playtest,2320950.0,0.0,False,,,,,,,True,False,False,,,,,,"17 Feb, 2023",,,
21894,Outwith Playtest,3501770.0,0.0,False,,,,,,,True,False,False,,,,,,"5 Feb, 2025",,,
21895,Exoforge Playtest,3179570.0,0.0,False,,,,,,,True,False,False,,,,,,"9 Nov, 2024",,,
21903,Mechanines Tower Defense Playtest,3240320.0,0.0,False,,,,,,,True,False,False,,,,,,"27 Sep, 2024",,,
21972,SOG: Vietnam Playtest,3411240.0,0.0,False,,,,,,,True,False,False,,,,,,"26 Dec, 2024",,,
22038,Entropy Playtest,3348630.0,0.0,False,,,,,,,True,False,False,,,,,,"15 Nov, 2024",,,
22071,HYPERFIGHT 2 Playtest,3288090.0,0.0,False,,,,,,,True,False,False,,,,,,,,,
22107,TeamRush Playtest,3387700.0,0.0,False,,,,,,,True,False,False,,,,,,"10 Feb, 2025",,,
22114,Animal Shelter 2 Playtest,2658530.0,0.0,False,,,,,,,True,False,False,,,,,,"1 Jul, 2025",,,
22189,Bridgebourn Playtest,2397610.0,0.0,False,,,,,,,True,False,False,,,,,,"18 Apr, 2023",,,
22227,Pool Protocol: Loop Playtest,3656130.0,0.0,False,,,,,,,True,False,False,,,,,,,,,
22313,Kaya's Prophecy Playtest,3333660.0,0.0,False,,,,,,,True,False,False,,,,,,"18 Dec, 2024",,,
22383,悠星大陆 Playtest,3404950.0,0.0,False,,,,,,,True,False,False,,,,,,"24 Dec, 2024",,,
22405,Meerkat Swiftrace Playtest,3207020.0,0.0,False,,,,,,,True,False,False,,,,,,"Feb 28, 2025",,,
22424,ONE WAY HOME Playtest,3207470.0,0.0,False,,,,,,,True,False,False,,,,,,"26 Jan, 2025",,,
22425,Gash Playtest,2730310.0,0.0,False,,,,,,,True,False,False,,,,,,"11 Dec, 2023",,,
22497,Claws & Chaos Playtest,2432380.0,0.0,False,,,,,,,True,False,False,,,,,,"26 Sep, 2024",,,
22530,Animal Shelter Playtest,1845730.0,0.0,False,,,,,,,True,False,False,,,,,,"26 Jan, 2022",,,
22551,Nebula Flow Playtest,2744530.0,0.0,False,,,,,,,True,False,False,,,,,,"18 Mar, 2024",,,
22580,Dice Of Olympus Playtest,2005590.0,0.0,False,,,,,,,True,False,False,,,,,,"7 Dec, 2022",,,
22617,Ravenous Horde Playtest,2600910.0,0.0,False,,,,,,,True,False,False,,,,,,,,,
22733,DREAMOUT Playtest,3751700.0,0.0,False,,,,,,,True,False,False,,,,,,,,,
22749,The Old One Playtest,3766640.0,0.0,False,,,,,,,True,False,False,,,,,,"29 May, 2025",,,
22795,The Bornless Playtest,2563270.0,0.0,False,,,,,,,True,False,False,,,,,,"6 Jun, 2025",,,
22807,地心归途 Return From Core Playtest,2233060.0,0.0,False,,,,,,,True,False,False,,,,,,"23 Sep, 2023",,,
22910,Increlution Playtest,1695650.0,0.0,False,,,,,,,True,False,False,,,,,,"19 Jul, 2021",,,
22916,OVERRIDER Playtest,2295480.0,0.0,False,,,,,,,True,False,False,,,,,,"3 Feb, 2023",,,
23002,Bulwark Playtest,3304250.0,0.0,False,,,,,,,True,False,False,,,,,,"6 Nov, 2024",,,
23145,Despot's Game Playtest,1518950.0,0.0,False,,,,,,,True,False,False,,,,,,"19 Aug, 2021",,,
23148,District Panic Playtest,2930650.0,0.0,False,,,,,,,True,False,False,,,,,,"3 Jun, 2024",,,
23320,CONSORTIUM Remastered Playtest,2403840.0,0.0,False,,,,,,,True,False,False,,,,,,"24 Apr, 2023",,,
23353,Fight Life: Vanguard Playtest,3188850.0,0.0,False,,,,,,,True,False,False,,,,,,"13 Jun, 2025",,,
23413,剑气劫：试炼之主 Playtest,3399750.0,0.0,False,,,,,,,True,False,False,,,,,,"3 Jan, 2025",,,
23570,Gotham Knights Playtest,1877400.0,0.0,False,,,,,,,True,False,False,,,,,,"24 Mar, 2022",,,
23614,Engines Of Destruction Playtest,2661070.0,0.0,False,,,,,,,True,False,False,,VR Supported,,,,"31 Jul, 2025",,,
23662,Throne and Liberty Playtest,2429660.0,0.0,False,,,,,,,True,False,False,,,,,,"16 Jul, 2024",,,
23682,Contractors Showdown Playtest,2842380.0,0.0,False,,,,,,,True,False,False,,VR Only,,,,"19 Dec, 2024",,,
23744,Dimraeth Playtest,2405850.0,0.0,False,,,,,,,True,False,False,,,,,34.0,"29 Apr, 2023",,,
23874,Crazy Islands Playtest,3282910.0,0.0,False,,,,,,,True,False,False,,,,,,"13 Jan, 2025",,,
24010,WW2 Rebuilder Playtest,1705660.0,0.0,False,,,,,,,True,False,False,,,,,,"25 Sep, 2023",,,
24027,Fightland Playtest,3384310.0,0.0,False,,,,,,,True,False,False,,,,,,"12 May, 2025",,,
24046,Trifox Playtest,2060380.0,0.0,False,,,,,,,True,False,False,,,,,,"24 Jun, 2022",,,
24050,Mind Over Magic Playtest,2354320.0,0.0,False,,,,,,,True,False,False,,,,,,"30 Nov, 2023",,,
24180,天下镖局 Playtest,1867150.0,0.0,False,,,,,,,True,False,False,,,,,,"7 Feb, 2022",,,
24321,Rally Mechanic Simulator Playtest,2680630.0,0.0,False,,,,,,,True,False,False,,,,,,"11 Jan, 2024",,,
24337,终曲。 Playtest,3664210.0,0.0,False,,,,,,,True,False,False,,,,,,,,,
24477,The Skeletons Are Fighting Playtest,3436680.0,0.0,False,,,,,,,True,False,False,,,,,,,,,
24507,Chiki-Chiki Playtest,2643370.0,0.0,False,,,,,,,True,False,False,,,,,,"11 Oct, 2023",,,
24651,Tower Wizard Playtest,3479000.0,0.0,False,,,,,,,True,False,False,,,,,,"29 Jan, 2025",,,
24662,Match 'Em Playtest,3208480.0,0.0,False,,,,,,,True,False,False,,,,,,"6 Sep, 2024",,,
24705,INCOMER Playtest,2108490.0,0.0,False,,,,,,,True,False,False,,,,,,"5 Aug, 2022",,,
24817,Tiny Vending Machines Playtest,3725430.0,0.0,False,,,,,,,True,False,False,,,,,,"10 May, 2025",,,
24823,Blacktop Hustle Playtest,3825150.0,0.0,False,,,,,,,True,False,False,,,,,,"30 Jun, 2025",,,
24884,Cepheus Protocol Playtest,2116560.0,0.0,False,,,,,,,True,False,False,,,,,,"11 Aug, 2022",,,
24958,Smokin Potions Playtest,3866310.0,0.0,False,,,,,,,True,False,False,,,,,,"17 Jul, 2025",,,
24978,Alaskan Road Truckers Playtest,2615580.0,0.0,False,,,,,,,True,False,False,,,,,,"7 Oct, 2023",,,
25004,Seablip Playtest,1475520.0,0.0,False,,,,,,,True,False,False,,,,,,"19 Mar, 2021",,,
25061,无用之人：登神长阶 Playtest,3388970.0,0.0,False,,,,,,,True,False,False,,,,,,"6 Jan, 2025",,,
25118,Loan Shark Playtest,3781390.0,0.0,False,,,,,,,True,False,False,,,,,,"20 Jun, 2025",,,
25159,Bullet Rogue Playtest,3285290.0,0.0,False,,,,,,,True,False,False,,,,,,"3 Dec, 2024",,,
25186,Coal LLC Playtest,3701130.0,0.0,False,,,,,,,True,False,False,,,,,,"22 May, 2025",,,
25192,Hunted: Kobayashi Tower Playtest,1627550.0,0.0,False,,,,,,,True,False,False,,,,,,"20 May, 2021",,,
25244,Potato Arena Beta,1953720.0,0.0,False,,,,,,,True,False,False,,,,,,"29 Aug, 2023",,,
25264,Nefarium Beta,1827990.0,0.0,False,,,,,,,True,False,False,,,,,,"23 Nov, 2021",,,
25268,The Troop Playtest,1488230.0,0.0,False,,,,,,,True,False,False,,,,,,"19 Dec, 2020",,,
25341,Down the shaft Playtest,3001840.0,0.0,False,,,,,,,True,False,False,,,,,,"31 May, 2024",,,
25348,Graffiti Bombing Playtest,1666210.0,0.0,False,,,,,,,True,False,False,,VR Only,,,,"14 Jun, 2021",,,
25377,Interference: Dead Air Playtest,1832520.0,0.0,False,,,,,,,True,False,False,,,,,,"28 Nov, 2021",,,
25426,Ceiling Run Playtest,3215650.0,0.0,False,,,,,,,True,False,False,,,,,4.0,"29 Sep, 2024",,,
25480,DRAKE Playtest,2734760.0,0.0,False,,,,,,,True,False,False,,,,,,"14 Dec, 2023",,,
25486,Sepulchron Playtest,3249430.0,0.0,False,,,,,,,True,False,False,,,,,,"25 Sep, 2024",,,
25511,Stealth Strike Playtest,3431450.0,0.0,False,,,,,,,True,False,False,,,,,,"13 Mar, 2025",,,
25538,EMERGENCY Playtest,2483900.0,0.0,False,,,,,,,True,False,False,,,,,,"30 Jun, 2023",,,
25563,Telluria: Forebodings Playtest,2387760.0,0.0,False,,,,,,,True,False,False,,,,,,"13 Apr, 2023",,,
25592,Rift Riff Playtest,3320170.0,0.0,False,,,,,,,True,False,False,,,,,,"4 Nov, 2024",,,
25677,UNGALAND! Playtest,3812570.0,0.0,False,,,,,,,True,False,False,,,,,,"17 Jun, 2025",,,
25699,Norland: Story Generating Strategy Playtest,2467650.0,0.0,False,,,,,,,True,False,False,,,,,,"2 Jul, 2024",,,
25843,Twilight Monk Playtest,3492780.0,0.0,False,,,,,,,True,False,False,,,,,,"31 Jan, 2025",,,
25908,They Always Run Playtest,1647710.0,0.0,False,,,,,,,True,False,False,,,,,,"2 Jun, 2021",,,
25954,Swap Fire Playtest,3095510.0,0.0,False,,,,,,,True,False,False,,,,,,"15 Jul, 2024",,,
25963,Legendarium Online Playtest,2723420.0,0.0,False,,,,,,,True,False,False,,,,,,"6 Dec, 2023",,,
26004,Critter Cove Playtest,2550130.0,0.0,False,,,,,,,True,False,False,,,,,,"4 Apr, 2024",,,
26065,Chinese Frontiers Playtest,2074030.0,0.0,False,,,,,,,True,False,False,,,,,,"24 Nov, 2023",,,
26072,The Way of the Tray Playtest,3565350.0,0.0,False,,,,,,,True,False,False,,,,,,"3 Apr, 2025",,,
26108,Turbo Sloths Playtest,1952300.0,0.0,False,,,,,,,True,False,False,,,,,,"11 Oct, 2022",,,
26111,RAWMEN Playtest,1487780.0,0.0,False,,,,,,,True,False,False,,,,,,"18 Feb, 2021",,,
26119,Project Pythia Playtest,1716800.0,0.0,False,,,,,,,True,False,False,,,,,,"17 Aug, 2021",,,
26221,Gamebox Playtest,2744870.0,0.0,False,,,,,,,True,False,False,,,,,,"30 Jan, 2024",,,
26273,Skeletal Skism 2 Playtest,3078400.0,0.0,False,,,,,,,True,False,False,,,,,,"17 Aug, 2024",,,
26282,西部幻想 West Fantasy Playtest,2154120.0,0.0,False,,,,,,,True,False,False,,,,,,"29 Sep, 2022",,,
26303,Dreadline: Net Quota Playtest,3608270.0,0.0,False,,,,,,,True,False,False,,,,,,"23 May, 2025",,,
26360,El Dorado: The Golden City Builder Playtest,2347570.0,0.0,False,,,,,,,True,False,False,,,,,,"14 Mar, 2023",,,
26443,The Texas Chain Saw Massacre Playtest,2370850.0,0.0,False,,,,,,,True,False,False,,,,,,"25 May, 2023",,,
26448,Paint Chips Playtest,1614060.0,0.0,False,,,,,,,True,False,False,,,,,,"17 Sep, 2023",,,
26462,Esoteric Ebb Playtest,2310250.0,0.0,False,,,,,,,True,False,False,,,,,,"6 Feb, 2023",,,
26585,Furball Blitz! Playtest,2918400.0,0.0,False,,,,,,,True,False,False,,,,,,,,,
26616,Schmaragon Playtest,2081900.0,0.0,False,,,,,,,True,False,False,,,,,,"17 Mar, 2023",,,
26625,Operation Armstrong Playtest,1525380.0,0.0,False,,,,,,,True,False,False,,VR Only,,,,"21 Jan, 2021",,,
26710,Killer in the cabin Playtest,1803730.0,0.0,False,,,,,,,True,False,False,,,,,,"3 Nov, 2021",,,
26713,老板模拟器 Playtest,3829460.0,0.0,False,,,,,,,True,False,False,,,,,,"8 Jul, 2025",,,
26756,The Unwanted War Playtest,3122190.0,0.0,False,,,,,,,True,False,False,,,,,,"25 Jul, 2024",,,
26836,Return From Dust Playtest,2559850.0,0.0,False,,,,,,,True,False,False,,,,,,"27 Jun, 2024",,,
26978,BrVR Backrooms Virtual Reality Playtest,1922160.0,0.0,False,,,,,,,True,False,False,,VR Only,,,,"19 May, 2022",,,
27085,Ominous Stew Playtest,3028820.0,0.0,False,,,,,,,True,False,False,,,,,,,,,
27098,幻想乡妖怪塔防 Playtest,1671380.0,0.0,False,,,,,,,True,False,False,,,,,,"19 Jul, 2021",,,
27177,Atomic Picnic Playtest,2707520.0,0.0,False,,,,,,,True,False,False,,,,,,"10 Oct, 2024",,,
27211,Fairy Treasure Playtest,2783010.0,0.0,False,,,,,,,True,False,False,,,,,,"23 Jan, 2024",,,
27252,Lost Shadows Playtest,3253960.0,0.0,False,,,,,,,True,False,False,,,,,,"29 Mar, 2025",,,
27257,Kebabstar Playtest,3068650.0,0.0,False,,,,,,,True,False,False,,,,,,"4 Aug, 2024",,,
27334,"Coffee, Plis Playtest",2536170.0,0.0,False,,,,,,,True,False,False,,,,,,"28 Jul, 2023",,,
27411,Tactical Warefare Playtest,2798780.0,0.0,False,,,,,,,True,False,False,,,,,,"5 May, 2024",,,
27502,绝尘 Playtest,2611570.0,0.0,False,,,,,,,True,False,False,,,,,,"13 Oct, 2023",,,
27556,Pixelpusher Playtest,2619550.0,0.0,False,,,,,,,True,False,False,,,,,,"5 Nov, 2023",,,
27596,Artifice Playtest,2206090.0,0.0,False,,,,,,,True,False,False,,,,,,"17 Nov, 2022",,,
27604,Project Sparrow Playtest,1618710.0,0.0,False,,,,,,,True,False,False,,,,,,"2 Mar, 2022",,,
27632,Leaks In Space Playtest,3583830.0,0.0,False,,,,,,,True,False,False,,,,,,,,,
27723,Beers and Boomerangs Playtest,1682270.0,0.0,False,,,,,,,True,False,False,,VR Only,,,,"1 Jul, 2021",,,
27794,Kaidro: Clan Battles Playtest,3024090.0,0.0,False,,,,,,,True,False,False,,,,,,"3 Oct, 2024",,,
27885,The Weird Hunter Playtest,3415180.0,0.0,False,,,,,,,True,False,False,,,,,,"24 Jan, 2025",,,
27896,Fantôme Playtest,2082630.0,0.0,False,,,,,,,True,False,False,,,,,,"15 Jul, 2022",,,
27902,Quest Together Playtest,1486700.0,0.0,False,,,,,,,True,False,False,,VR Only,,,,"20 Dec, 2020",,,
27913,The Political Machine 2024 Playtest,2826240.0,0.0,False,,,,,,,True,False,False,,,,,,"21 Feb, 2024",,,
27930,Achilles: Legends Untold Playtest,1877140.0,0.0,False,,,,,,,True,False,False,,,,,,"21 Jan, 2022",,,
27987,Lips Breaker Playtest,3319110.0,0.0,False,,,,,,,True,False,False,,,,,,,,,
28058,VIVA NOBOTS Playtest,3588940.0,0.0,False,,,,,,,True,False,False,,,,,,"17 Apr, 2025",,,
28078,GeckoShop Playtest,3426480.0,0.0,False,,,,,,,True,False,False,,,,,,"22 Mar, 2025",,,
28121,Ladies I'm Ready Playtest,3437070.0,0.0,False,,,,,,,True,False,False,,,,,,,,,
28179,Vector Strike Playtest,3390190.0,0.0,False,,,,,,,True,False,False,,,,,,"29 Jan, 2025",,,
28197,Ginsha Playtest,2374220.0,0.0,False,,,,,,,True,False,False,,,,,,"31 May, 2023",,,
28424,异星狂奔 Playtest,3114340.0,0.0,False,,,,,,,True,False,False,,,,,,"23 Jul, 2024",,,
28427,Buck Swash and the Idol of Tak'Mahud Playtest,2982720.0,0.0,False,,,,,,,True,False,False,,,,,,,,,
28460,Grove Fisher Playtest,3396240.0,0.0,False,,,,,,,True,False,False,,,,,,"10 Dec, 2024",,,
28461,Pile Up! Playtest,2996890.0,0.0,False,,,,,,,True,False,False,,,,,,"2 Jun, 2024",,,
28511,Draggin' Playtest,3882130.0,0.0,False,,,,,,,True,False,False,,,,,,"16 Jul, 2025",,,
28586,Clank! Playtest,2997430.0,0.0,False,,,,,,,True,False,False,,,,,,"17 May, 2024",,,
28734,A Tale of Titans Playtest,3305040.0,0.0,False,,,,,,,True,False,False,,,,,,"24 Oct, 2024",,,
28739,Infinite Tao Playtest,2172200.0,0.0,False,,,,,,,True,False,False,,,,,,"30 Sep, 2022",,,
28790,Last Star Playtest,3167440.0,0.0,False,,,,,,,True,False,False,,,,,,"19 Aug, 2024",,,
28863,My Christmas Present Playtest,3369730.0,0.0,False,,,,,,,True,False,False,,,,,,"4 Feb, 2025",,,
28944,Pro Cycling Manager 2025 Playtest,3562650.0,0.0,False,,,,,,,True,False,False,,,,,,,,,
28976,Dragon Spot Playtest,3334780.0,0.0,False,,,,,,,True,False,False,,,,,9.0,"9 Nov, 2024",,,
28980,Alina of the Arena Playtest,1672160.0,0.0,False,,,,,,,True,False,False,,,,,,"27 Aug, 2021",,,
28981,Terminal Breach Playtest,2159080.0,0.0,False,,,,,,,True,False,False,,,,,,"23 Sep, 2022",,,
29051,NAIRI: Rising Tide Playtest,2310090.0,0.0,False,,,,,,,True,False,False,,,,,,"18 Feb, 2023",,,
29263,Spikair Volleyball Playtest,2021700.0,0.0,False,,,,,,,True,False,False,,,,,,"29 Sep, 2022",,,
29264,Regiments Playtest,1852280.0,0.0,False,,,,,,,True,False,False,,,,,,"24 Dec, 2021",,,
29356,FragPunk Playtest,2943730.0,0.0,False,,,,,,,True,False,False,,Full controller support,,,,"8 Oct, 2024",,,
29408,All Those Who Wander Playtest,3619480.0,0.0,False,,,,,,,True,False,False,,,,,,"5 May, 2025",,,
29582,Animal Tilt-A-Show Playtest,3305510.0,0.0,False,,,,,,,True,False,False,,,,,,"9 Nov, 2024",,,
29654,Industry Giant 4.0 Playtest,2913730.0,0.0,False,,,,,,,True,False,False,,,,,,"12 Aug, 2024",,,
29679,Lost Rift Playtest,3717000.0,0.0,False,,,,,,,True,False,False,,,,,,"7 Aug, 2025",,,
29686,Sparky Marky Online Playtest,2515130.0,0.0,False,,,,,,,True,False,False,,,,,,"1 Sep, 2023",,,
29687,Sky Baller Playtest,3321620.0,0.0,False,,,,,,,True,False,False,,,,,,,,,
29729,A Gentlemen's Dispute Playtest,3258860.0,0.0,False,,,,,,,True,False,False,,,,,,"15 May, 2025",,,
29733,Einar - Loki's Traps Playtest,1715820.0,0.0,False,,,,,,,True,False,False,,,,,,"22 Apr, 2022",,,
29873,Paper Trail Playtest,2207870.0,0.0,False,,,,,,,True,False,False,,,,,,"21 Dec, 2022",,,
29887,Liar Game Playtest,3560650.0,0.0,False,,,,,,,True,False,False,,,,,,"3 Mar, 2025",,,
30049,Ship of a Dream Playtest,2972080.0,0.0,False,,,,,,,True,False,False,,,,,,"6 May, 2024",,,
30062,Stackmancy Playtest,3616010.0,0.0,False,,,,,,,True,False,False,,,,,,"28 Mar, 2025",,,
30118,Forgotten but Unbroken Playtest,2407820.0,0.0,False,,,,,,,True,False,False,,,,,,"30 Apr, 2023",,,
30222,Society's Paradigms Playtest,1878240.0,0.0,False,,,,,,,True,False,False,,,,,,"5 Feb, 2022",,,
30316,生物召唤：对决时刻 Playtest,2763480.0,0.0,False,,,,,,,True,False,False,,,,,,"7 Jan, 2024",,,
30343,Duelists of Eden Playtest,2393430.0,0.0,False,,,,,,,True,False,False,,,,,,"12 Apr, 2023",,,
30610,Drop It: Block Paradise! Builder Edition Playtest,2933110.0,0.0,False,,,,,,,True,False,False,,,,,,"10 Jun, 2024",,,
30639,Esport Tactics Playtest,2244820.0,0.0,False,,,,,,,True,False,False,,,,,,"29 Mar, 2023",,,
30650,CORPSE CARNIVAL Playtest,3567310.0,0.0,False,,,,,,,True,False,False,,,,,,"26 Mar, 2025",,,
30677,Danghost Playtest,2129630.0,0.0,False,,,,,,,True,False,False,,,,,,"21 Oct, 2022",,,
30694,It's Only Money Playtest,2191120.0,0.0,False,,,,,,,True,False,False,,,,,,"23 May, 2023",,,
30703,Rogue Card Playtest,1504950.0,0.0,False,,,,,,,True,False,False,,,,,,"5 Aug, 2022",,,
30720,Vapor Run Playtest,2131470.0,0.0,False,,,,,,,True,False,False,,,,,,"1 Sep, 2022",,,
30768,RE:Ark Playtest,2817560.0,0.0,False,,,,,,,True,False,False,,,,,,"7 Jul, 2025",,,
30807,Into The Darkness VR Playtest,3008040.0,0.0,False,,,,,,,True,False,False,,VR Only,,,,"11 Sep, 2024",,,
30812,APP001 Playtest,3627780.0,0.0,False,,,,,,,True,False,False,,,,,,,,,
30823,Hexarchy Playtest,1636390.0,0.0,False,,,,,,,True,False,False,,,,,,"28 Sep, 2023",,,
30826,Fruit Ninja VR 2 Playtest,1670260.0,0.0,False,,,,,,,True,False,False,,VR Only,,,,"5 Jul, 2021",,,
30895,GrindFest Playtest,2824550.0,0.0,False,,,,,,,True,False,False,,,,,,"29 Dec, 2024",,,
30900,CosmoPirates Playtest,3003560.0,0.0,False,,,,,,,True,False,False,,,,,,"29 May, 2024",,,
31105,Twisted Jam Playtest,3247970.0,0.0,False,,,,,,,True,False,False,,,,,,"3 Dec, 2024",,,
31106,Weyrdlets Playtest,2768870.0,0.0,False,,,,,,,True,False,False,,,,,,"12 Feb, 2024",,,
31111,Rise Of The Overlords Playtest,1478770.0,0.0,False,,,,,,,True,False,False,,,,,,"26 Nov, 2020",,,
31333,开关盒 Playtest,3426940.0,0.0,False,,,,,,,True,False,False,,,,,,"5 Mar, 2025",,,
31459,Beyond the Long Night Playtest,2303170.0,0.0,False,,,,,,,True,False,False,,,,,,"23 Mar, 2023",,,
31469,海蓝星之梦 Playtest,3376300.0,0.0,False,,,,,,,True,False,False,,,,,,"2 Dec, 2024",,,
31539,乳膠地牢 Playtest,1893290.0,0.0,False,,,,,,,True,False,False,,,,,,"23 Feb, 2022",,,
31750,Shoni Island Playtest,3359090.0,0.0,False,,,,,,,True,False,False,,,,,,"2 Dec, 2024",,,
31782,Spiritfall Playtest,2063330.0,0.0,False,,,,,,,True,False,False,,,,,,"7 Dec, 2022",,,
31819,Prodeus Playtest,1405530.0,0.0,False,,,,,,,True,False,False,,,,,,"27 Aug, 2020",,,
31870,Fizz Flow: Factory Management Playtest,3658360.0,0.0,False,,,,,,,True,False,False,,,,,,"15 Apr, 2025",,,
31882,意识空间 Playtest,2639800.0,0.0,False,,,,,,,True,False,False,,,,,,"23 Oct, 2023",,,
31900,7 Days Playtest,3263470.0,0.0,False,,,,,,,True,False,False,,,,,,"8 Oct, 2024",,,
31930,Into The Grid Playtest,2710980.0,0.0,False,,,,,,,True,False,False,,,,,,"8 Mar, 2024",,,
32029,Club Werewolf Playtest,2224990.0,0.0,False,,,,,,,True,False,False,,,,,,"7 Oct, 2024",,,
32041,Reverie Knights Tactics Playtest,1654630.0,0.0,False,,,,,,,True,False,False,,,,,,"28 Jun, 2021",,,
32051,Food Truck Empire Playtest,3194700.0,0.0,False,,,,,,,True,False,False,,,,,,"16 Oct, 2024",,,
32061,The Lemonade Playtest,2534380.0,0.0,False,,,,,,,True,False,False,,,,,,"28 Jul, 2023",,,
32075,Guild of Ascension Playtest,1607490.0,0.0,False,,,,,,,True,False,False,,,,,,"30 Apr, 2021",,,
32228,Flex Riders Playtest,3727010.0,0.0,False,,,,,,,True,False,False,,,,,,"15 May, 2025",,,
32430,Pip My Dice Playtest,3063540.0,0.0,False,,,,,,,True,False,False,,,,,,"26 Jun, 2024",,,
32502,RPG Stories Worldbuilder Alpha Playtest,2145900.0,0.0,False,,,,,,,True,False,False,,,,,,"14 Sep, 2022",,,
32547,Dark Umbra Playtest,2949420.0,0.0,False,,,,,,,True,False,False,,,,,,"29 Apr, 2024",,,
32560,Dungeon Golf Playtest,2331500.0,0.0,False,,,,,,,True,False,False,,,,,,"13 Apr, 2023",,,
32567,We Will Be Gods Playtest,3638850.0,0.0,False,,,,,,,True,False,False,,,,,,"16 May, 2025",,,
32575,Randy Blaster 3D Playtest,2152330.0,0.0,False,,,,,,,True,False,False,,,,,,"30 Oct, 2022",,,
32606,Possessions Playtest,2829180.0,0.0,False,,,,,,,True,False,False,,,,,,"1 Mar, 2024",,,
32636,The Gold River Project Playtest,3407950.0,0.0,False,,,,,,,True,False,False,,,,,,"18 Dec, 2024",,,
32666,Monolith Dominion Playtest,2189020.0,0.0,False,,,,,,,True,False,False,,,,,,,,,
32708,"Don't Die, Collect Loot Playtest",2632000.0,0.0,False,,,,,,,True,False,False,,,,,,"3 Oct, 2023",,,
32767,Unreachable Playtest,2676570.0,0.0,False,,,,,,,True,False,False,,,,,,"30 Dec, 2024",,,
33016,Goons: Legends of the Hockeyverse Playtest,1622380.0,0.0,False,,,,,,,True,False,False,,,,,,"27 Dec, 2021",,,
33039,Towerful Defense: A Rogue TD Playtest,2492280.0,0.0,False,,,,,,,True,False,False,,,,,,"14 Aug, 2023",,,
33050,PSI  Masquerade Deadly Wonderland Playtest,3796590.0,0.0,False,,,,,,,True,False,False,,,,,,"17 Jun, 2025",,,
33102,人世间：海岛 测试版,2275040.0,0.0,False,,,,,,,True,False,False,,,,,,"31 Jan, 2023",,,
33131,Sacre Bleu Playtest,1749160.0,0.0,False,,,,,,,True,False,False,,,,,,"12 Apr, 2025",,,
33139,Lumiel the Awakening Playtest,2751360.0,0.0,False,,,,,,,True,False,False,,,,,,"8 Jan, 2024",,,
33308,Purple War Playtest,1961940.0,0.0,False,,,,,,,True,False,False,,,,,,"24 Jul, 2022",,,
33327,LASERS Playtest,2724880.0,0.0,False,,,,,,,True,False,False,,,,,,"22 Dec, 2023",,,
33339,Suspect Enemy Playtest,1759470.0,0.0,False,,,,,,,True,False,False,,,,,,"15 Sep, 2021",,,
33424,Tower Song Playtest,2607070.0,0.0,False,,,,,,,True,False,False,,,,,,"21 Sep, 2023",,,
33554,Bearnard Playtest,2759040.0,0.0,False,,,,,,,True,False,False,,,,,,"4 Jan, 2024",,,
33672,DungeonCompany Playtest,3155990.0,0.0,False,,,,,,,True,False,False,,,,,,"31 Aug, 2024",,,
33719,Beholder: Conductor Playtest,3340230.0,0.0,False,,,,,,,True,False,False,,,,,,"16 Dec, 2024",,,
33723,Shaper Playtest,2476410.0,0.0,False,,,,,,,True,False,False,,,,,,"14 Jun, 2023",,,
33774,Lost Castle 2 Playtest,2802060.0,0.0,False,,,,,,,True,False,False,,,,,,"25 Apr, 2024",,,
33871,VAIL Alpha,1474090.0,0.0,False,,,,,,,True,False,False,,VR Supported,,,,"22 Feb, 2021",,,
33891,Holiday Party Playtest,2715570.0,0.0,False,,,,,,,True,False,False,,,,,,"24 Apr, 2024",,,
33900,Ancestral Harvest Playtest,3640060.0,0.0,False,,,,,,,True,False,False,,Full controller support,,,,,,,
34025,Super Adventure Hand Playtest,2269890.0,0.0,False,,,,,,,True,False,False,,,,,,"27 Feb, 2023",,,
34030,Proto Garden Playtest,3026660.0,0.0,False,,,,,,,True,False,False,,,,,,"2 Jul, 2024",,,
34105,Myth & Mirage Playtest,2980160.0,0.0,False,,,,,,,True,False,False,,,,,,"13 May, 2024",,,
34118,Reply All Playtest,3307330.0,0.0,False,,,,,,,True,False,False,,,,,,"28 Feb, 2025",,,
34153,Stream or Die! Playtest,2616940.0,0.0,False,,,,,,,True,False,False,,,,,,"25 Apr, 2024",,,
34155,Divine Duel Playtest,2129550.0,0.0,False,,,,,,,True,False,False,,VR Only,,,,"21 Oct, 2022",,,
34207,Monsters of Moldred Playtest,3121940.0,0.0,False,,,,,,,True,False,False,,,,,,"15 Oct, 2024",,,
34233,Call Hating Playtest,2364640.0,0.0,False,,,,,,,True,False,False,,,,,,"22 Jun, 2023",,,
34325,Dead as Disco Playtest,3483170.0,0.0,False,,,,,,,True,False,False,,,,,,"18 Jul, 2025",,,
34398,ITribe Playtest,3297090.0,0.0,False,,,,,,,True,False,False,,,,,,"6 Mar, 2025",,,
34450,EVAC Playtest,3666660.0,0.0,False,,,,,,,True,False,False,,,,,,"9 May, 2025",,,
34476,时空传说-佣兵王战记 Playtest,2671000.0,0.0,False,,,,,,,True,False,False,,,,,,"3 Nov, 2023",,,
34594,Project Stratarch Playtest,2520080.0,0.0,False,,,,,,,True,False,False,,,,,,"21 Jul, 2023",,,
34618,Moon Dancer Playtest,1800220.0,0.0,False,,,,,,,True,False,False,,,,,,"28 Oct, 2021",,,
34625,Starlight Playtest,2134200.0,0.0,False,,,,,,,True,False,False,,,,,,"30 Aug, 2022",,,
34646,World of Mines Creator's Edition Playtest,2299770.0,0.0,False,,,,,,,True,False,False,,,,,,"4 Feb, 2023",,,
34656,C&amp;T Playtest,2022160.0,0.0,False,,,,,,,True,False,False,,,,,,"6 Nov, 2022",,,
34662,Ignis Corruption Playtest,1930020.0,0.0,False,,,,,,,True,False,False,,,,,,"9 Mar, 2022",,,
34698,Become A Star Playtest,2496030.0,0.0,False,,,,,,,True,False,False,,VR Only,,,,"20 Jul, 2023",,,
34746,Keep Keepers Playtest,3214250.0,0.0,False,,,,,,,True,False,False,,,,,,"16 Sep, 2024",,,
34754,SCP: Nemesi Playtest,2536000.0,0.0,False,,,,,,,True,False,False,,,,,,"7 Aug, 2023",,,
34919,Earl vs. the Mutants Playtest,2655750.0,0.0,False,,,,,,,True,False,False,,,,,,"26 Oct, 2023",,,
34939,Isletopia Playtest,1976940.0,0.0,False,,,,,,,True,False,False,,,,,,"27 Apr, 2022",,,
34998,Hell Architect Playtest,1672650.0,0.0,False,,,,,,,True,False,False,,,,,,"26 Jul, 2021",,,
35014,Alien Dawn Playtest,1480280.0,0.0,False,,,,,,,True,False,False,,VR Supported,,,,"27 Nov, 2020",,,
35026,LuminaRun Playtest,3419070.0,0.0,False,,,,,,,True,False,False,,,,,,"8 Jan, 2025",,,
35168,BitCraft Online Playtest,3562740.0,0.0,False,,,,,,,True,False,False,,,,,,"16 May, 2025",,,
35220,On this side Playtest,3124090.0,0.0,False,,,,,,,True,False,False,,,,,,"29 Jul, 2024",,,
35223,Splitgate 2 Playtest,3145170.0,0.0,False,,,,,,,True,False,False,,,,,,"27 Feb, 2025",,,
35322,MIR4 Playtest,1707210.0,0.0,False,,,,,,,True,False,False,,,,,,"3 Aug, 2021",,,
35499,Nargül Adventure Playtest,1839770.0,0.0,False,,,,,,,True,False,False,,VR Only,,,,"24 Mar, 2022",,,
35545,YOU DON'T KNOW JACK Vol. 6 The Lost Gold,260080.0,0.0,False,,"Jackbox Games, Inc.","Jackbox Games, Inc.",CAD,2.59,2.59,True,False,False,,Single-player;Multi-player;Family Sharing,Casual;Indie;Strategy,,,"5 Nov, 2013",,,
35557,Past Fate Playtest,2121400.0,0.0,False,,,,,,,True,False,False,,,,,,"28 Jul, 2023",,,
35602,The Fuyun Warrior Playtest,3251350.0,0.0,False,,,,,,,True,False,False,,,,,,"6 Dec, 2024",,,
35611,Foundation Playtest,3053800.0,0.0,False,,,,,,,True,False,False,,,,,,"9 Jan, 2025",,,
35689,Dysterra Playtest,1562450.0,0.0,False,,,,,,,True,False,False,,,,,,"22 Jun, 2022",,,
35693,Flashes of Chaos Playtest,3794000.0,0.0,False,,,,,,,True,False,False,,,,,,"13 Jun, 2025",,,
35862,Nock Playtest,2411540.0,0.0,False,,,,,,,True,False,False,,VR Only,,,,"30 Jun, 2023",,,
35877,Stinky and Loof in Wonderland Playtest,2256250.0,0.0,False,,,,,,,True,False,False,,,,,,"8 Jan, 2023",,,
35883,DEEPENING FIRE Playtest,1811580.0,0.0,False,,,,,,,True,False,False,,,,,,"8 Dec, 2021",,,
35906,The Pale Piper Playtest,2959960.0,0.0,False,,,,,,,True,False,False,,,,,,"15 Nov, 2024",,,
36051,Night Club Simulator Playtest,3799370.0,0.0,False,,,,,,,True,False,False,,,,,,"17 Jun, 2025",,,
36105,Velev Playtest,2886980.0,0.0,False,,,,,,,True,False,False,,,,,,"6 Mar, 2025",,,
36264,Coral Cove Playtest,1944290.0,0.0,False,,,,,,,True,False,False,,,,,,"23 Mar, 2022",,,
36454,Lakeburg Legacies Playtest,2013280.0,0.0,False,,,,,,,True,False,False,,,,,,"30 May, 2023",,,
36547,Peekazoo Playtest,1652010.0,0.0,False,,,,,,,True,False,False,,,,,,"23 Jun, 2021",,,
36630,Corrupted Playtest,2532510.0,0.0,False,,,,,,,True,False,False,,,,,,"15 Sep, 2023",,,
36661,Assembly Line 2 Playtest,2803020.0,0.0,False,,,,,,,True,False,False,,,,,,"26 Feb, 2024",,,
36768,Cowboy Life Simulator Playtest,1833090.0,0.0,False,,,,,,,True,False,False,,,,,,"22 Jul, 2025",,,
36839,Abyssus Playtest,2999560.0,0.0,False,,,,,,,True,False,False,,,,,,"20 Dec, 2024",,,
36885,洪荒五行界 Playtest,2080050.0,0.0,False,,,,,,,True,False,False,,,,,,"20 Jul, 2022",,,
36972,The In Between Playtest,2174920.0,0.0,False,,,,,,,True,False,False,,,,,,"4 Oct, 2022",,,
37060,Magnet Crusher Playtest,1810640.0,0.0,False,,,,,,,True,False,False,,,,,,"23 Feb, 2022",,,
37227,MINDFLUX: Dead Man Walking Playtest,3247900.0,0.0,False,,,,,,,True,False,False,,,,,,"25 Sep, 2024",,,
37235,Mirthwood Playtest,3226470.0,0.0,False,,,,,,,True,False,False,,,,,,"1 Nov, 2024",,,
37339,World War 3 Playtest,1887240.0,0.0,False,,,,,,,True,False,False,,,,,,"20 May, 2022",,,
37349,深入龙巢 Playtest,2499560.0,0.0,False,,,,,,,True,False,False,,,,,,"4 Jul, 2023",,,
37393,SCP: EVENT CLASSIFIED Playtest,2381370.0,0.0,False,,,,,,,True,False,False,,,,,,"28 Dec, 2023",,,
37417,AST-Hero Playtest,1676110.0,0.0,False,,,,,,,True,False,False,,,,,,"14 May, 2022",,,
37538,Impossible Island Playtest,2964650.0,0.0,False,,,,,,,True,False,False,,,,,,"30 Apr, 2024",,,
37578,Ignition Arena Playtest,3310120.0,0.0,False,,,,,,,True,False,False,,,,,,"6 Nov, 2024",,,
37579,Castlewatch Playtest,2397350.0,0.0,False,,,,,,,True,False,False,,,,,,"21 Apr, 2023",,,
37686,Heavy Duty Challenge Playtest,1648620.0,0.0,False,,,,,,,True,False,False,,,,,,"8 Jul, 2023",,,
37691,Burn the Moon Playtest,2357180.0,0.0,False,,,,,,,True,False,False,,,,,,"15 Mar, 2023",,,
37693,Tendryll Playtest,1917520.0,0.0,False,,,,,,,True,False,False,,,,,,"31 Mar, 2022",,,
37717,IS Defense Editor,451330.0,0.0,True,,,,,,,True,False,False,,,,,,"29 Apr, 2016",,,
37770,Standard Procedures Playtest,3661870.0,0.0,False,,,,,,,True,False,False,,,,,,"24 May, 2025",,,
37775,OOLO Playtest,3444950.0,0.0,False,,,,,,,True,False,False,,,,,,"18 Aug, 2025",,,
37835,NAKWON: LAST PARADISE Playtest,2585120.0,0.0,False,,,,,,,True,False,False,,,,,,"29 Nov, 2023",,,
37881,Roots of Yggdrasil Playtest,2357870.0,0.0,False,,,,,,,True,False,False,,,,,,"20 Jun, 2023",,,
37924,Appearances Playtest,2594510.0,0.0,False,,,,,,,True,False,False,,,,,,"11 Sep, 2023",,,
37945,剑气劫 Playtest,2739660.0,0.0,False,,,,,,,True,False,False,,,,,,"26 Feb, 2025",,,
37948,LOFI Katana Playtest,2366260.0,0.0,False,,,,,,,True,False,False,,VR Only,,,,"27 Mar, 2023",,,
37959,The You Quiz Playtest,3811650.0,0.0,False,,,,,,,True,False,False,,,,,,"23 Jun, 2025",,,
37987,Oriental Immortal Playtest,2258800.0,0.0,False,,,,,,,True,False,False,,,,,,"22 Jul, 2025",,,
38016,Misfits Playtest,2980380.0,0.0,False,,,,,,,True,False,False,,,,,,"7 Jun, 2024",,,
38044,♡beAt! -After the Summer- Playtest,2027250.0,0.0,False,,,,,,,True,False,False,,,,,,"22 Jun, 2022",,,
38079,NeverDeath Playtest,1695960.0,0.0,False,,,,,,,True,False,False,,,,,,"4 Jan, 2022",,,
38105,Cupiclaw Playtest,3587310.0,0.0,False,,,,,,,True,False,False,,,,,,"4 Apr, 2025",,,
38164,LOD Playtest,2535530.0,0.0,False,,,,,,,True,False,False,,,,,,"16 Apr, 2024",,,
38206,You Suck at Parking Playtest,1829330.0,0.0,False,,,,,,,True,False,False,,,,,,"21 Mar, 2022",,,
38221,Ironseed : Consensus Playtest,3635170.0,0.0,False,,,,,,,True,False,False,,,,,,"6 May, 2025",,,
38270,Professor Goodboi's Ballistics Playtest,2473690.0,0.0,False,,,,,,,True,False,False,,,,,,"13 Jun, 2023",,,
38299,Zoo Simulator: Prologue Playtest,2814210.0,0.0,False,,,,,,,True,False,False,,,,,,"15 Feb, 2024",,,
38319,Infinity Wanderer Playtest,3163440.0,0.0,False,,,,,,,True,False,False,,,,,,"7 Sep, 2024",,,
38536,My Heaven's Dale Playtest,3709300.0,0.0,False,,,,,,,True,False,False,,,,,,"6 May, 2025",,,
38554,Morse vs. Horse Playtest,2011250.0,0.0,False,,,,,,,True,False,False,,,,,,"11 Dec, 2024",,,
38575,Sunset Motel Playtest,2617500.0,0.0,False,,,,,,,True,False,False,,,,,,"3 Jun, 2024",,,
38611,Sneak Out Playtest,2493100.0,0.0,False,,,,,,,True,False,False,,,,,,"7 Mar, 2024",,,
38771,JumpPower Playtest,2390740.0,0.0,False,,,,,,,True,False,False,,,,,,"27 Apr, 2023",,,
38949,ChestMate Playtest,1916620.0,0.0,False,,,,,,,True,False,False,,,,,,"1 Mar, 2022",,,
38997,Los Pingheros Playtest,2981320.0,0.0,False,,,,,,,True,False,False,,,,,,"28 May, 2024",,,
39038,FRANZ FURY Playtest,1624310.0,0.0,False,,,,,,,True,False,False,,,,,,"4 Jun, 2021",,,
39231,Dungeons of Hinterberg Playtest,2467770.0,0.0,False,,,,,,,True,False,False,,Full controller support,,,,"9 May, 2024",,,
39260,Homeseek Playtest,2332580.0,0.0,False,,,,,,,True,False,False,,,,,,"23 Mar, 2023",,,
39316,BlazBlue Entropy Effect Beta,3038750.0,0.0,False,,,,,,,True,False,False,,,,,,"19 Jun, 2024",,,
39447,Aquatico Playtest,2121420.0,0.0,False,,,,,,,True,False,False,,,,,,"11 Nov, 2022",,,
39533,Armored Front Playtest,1497800.0,0.0,False,,,,,,,True,False,False,,VR Only,,,,"15 Jan, 2021",,,
39667,Snow Plowing Simulator Playtest,2439900.0,0.0,False,,,,,,,True,False,False,,,,,,"26 May, 2023",,,
39716,Warhammer Age of Sigmar: Realms of Ruin - Playtest,2386290.0,0.0,False,,,,,,,True,False,False,,,,,,"7 Jul, 2023",,,
39730,Wizdom Academy Playtest,2972360.0,0.0,False,,,,,,,True,False,False,,,,,,"28 Mar, 2025",,,
39773,Rocket! Playtest,2548240.0,0.0,False,,,,,,,True,False,False,,,,,,"10 Aug, 2023",,,
39799,DAWN OF ARBA Playtest,2148050.0,0.0,False,,,,,,,True,False,False,,,,,,"9 Sep, 2022",,,
39872,Funny Volleyball Playtest,3644840.0,0.0,False,,,,,,,True,False,False,,,,,,"7 Apr, 2025",,,
39889,Renegade Rush Playtest,3645190.0,0.0,False,,,,,,,True,False,False,,,,,,"8 Apr, 2025",,,
39923,Crashers of Aetheria Playtest,1494790.0,0.0,False,,,,,,,True,False,False,,,,,,"23 Dec, 2021",,,
39931,Prison Survival: Architect of Crime Simulator Playtest,3498950.0,0.0,False,,,,,,,True,False,False,,,,,,"25 Jun, 2025",,,
40019,Witchcraft Survivors Playtest,2510600.0,0.0,False,,,,,,,True,False,False,,,,,,"28 Sep, 2023",,,
40020,Folk Emerging Playtest,2691520.0,0.0,False,,,,,,,True,False,False,,,,,,"15 Nov, 2023",,,
40032,元气小剧场 Playtest,3211740.0,0.0,False,,,,,,,True,False,False,,,,,,"12 Sep, 2024",,,
40050,Steel Seed Playtest,3179070.0,0.0,False,,,,,,,True,False,False,,,,,,"28 Aug, 2024",,,
40059,Trimurti Online Playtest,2437010.0,0.0,False,,,,,,,True,False,False,,,,,,"1 Dec, 2023",,,
40197,Tower of the Dragon Playtest,2848040.0,0.0,False,,,,,,,True,False,False,,,,,,"9 Jul, 2024",,,
40216,Burial Stone Playtest,1966960.0,0.0,False,,,,,,,True,False,False,,VR Only,,,,"13 Apr, 2022",,,
40224,GG Land Playtest,1964290.0,0.0,False,,,,,,,True,False,False,,VR Supported,,,,"13 Apr, 2023",,,
40239,Drop 4 Playtest,3488350.0,0.0,False,,,,,,,True,False,False,,,,,,"7 Feb, 2025",,,
40324,Cthulhu Clicker Playtest,1602430.0,0.0,False,,,,,,,True,False,False,,,,,,"13 Apr, 2021",,,
40512,Park Beyond Playtest,2146260.0,0.0,False,,,,,,,True,False,False,,,,,,"7 Jun, 2023",,,
40586,规则怪谈：盛崖小区 Playtest,2830450.0,0.0,False,,,,,,,True,False,False,,,,,,"15 Feb, 2024",,,
40664,Mage Tower: Call of Zadeus Playtest,1736430.0,0.0,False,,,,,,,True,False,False,,,,,,"11 Nov, 2022",,,
40721,SILO27: Crashlanded Playtest,1805550.0,0.0,False,,,,,,,True,False,False,,,,,,"13 Nov, 2021",,,
40740,鬼鬼兄弟 GhostBros Playtest,2546410.0,0.0,False,,,,,,,True,False,False,,,,,,"6 Aug, 2023",,,
40800,Used Cars Simulator Playtest,2769250.0,0.0,False,,,,,,,True,False,False,,,,,,"2 Feb, 2024",,,
40870,A Night In Omar's Burger Playtest,2628280.0,0.0,False,,,,,,,True,False,False,,,,,,"4 Oct, 2023",,,
40887,无尽之界 Playtest,2093890.0,0.0,False,,,,,,,True,False,False,,,,,,"26 Oct, 2023",,,
40899,Konfronto Playtest,3186660.0,0.0,False,,,,,,,True,False,False,,,,,,"8 Jan, 2025",,,
40943,Tempest Rising Playtest,2488530.0,0.0,False,,,,,,,True,False,False,,,,,,"11 Aug, 2023",,,
40947,The Wandering Village Playtest,1808830.0,0.0,False,,,,,,,True,False,False,,,,,,"6 Dec, 2021",,,
40975,Platonic Playtest,1838440.0,0.0,False,,,,,,,True,False,False,,,,,,"7 Dec, 2021",,,
41083,Judgeball: Lethal Arena Playtest,2013230.0,0.0,False,,,,,,,True,False,False,,,,,,"4 Aug, 2022",,,
41122,Make a Hit! Playtest,3622580.0,0.0,False,,,,,,,True,False,False,,,,,,"3 May, 2025",,,
41135,Clonizer Playtest,2956560.0,0.0,False,,,,,,,True,False,False,,,,,,"6 May, 2024",,,
41182,Bombe Playtest,2263480.0,0.0,False,,,,,,,True,False,False,,,,,,"31 Dec, 2022",,,
41247,My card is better than your card! Playtest,3617960.0,0.0,False,,,,,,,True,False,False,,,,,,"8 Aug, 2025",,,
41329,Desert Pirates Playtest,1781790.0,0.0,False,,,,,,,True,False,False,,,,,,"25 Sep, 2023",,,
41361,Hades II Playtest,2933700.0,0.0,False,,,,,,,True,False,False,,,,,,"16 Apr, 2024",,,
41394,Jaws Of Extinction Playtest,1538100.0,0.0,False,,,,,,,True,False,False,,,,,,"1 Jun, 2021",,,
41452,Sou'wester Winds Playtest,1475550.0,0.0,False,,,,,,,True,False,False,,,,,,"22 Nov, 2023",,,
41456,Hop Skip and Thump Playtest,1766460.0,0.0,False,,,,,,,True,False,False,,,,,,"2 Oct, 2021",,,
41574,Though the Heavens Fall Playtest,2439070.0,0.0,False,,,,,,,True,False,False,,,,,,"5 Dec, 2023",,,
41738,Art Together Playtest,3741330.0,0.0,False,,,,,,,True,False,False,,,,,,"13 Jun, 2025",,,
41764,Sunrise's Order Playtest,2432440.0,0.0,False,,,,,,,True,False,False,,,,,,"13 May, 2023",,,
41795,G.E.T. Playtest,2369840.0,0.0,False,,,,,,,True,False,False,,,,,,"27 Mar, 2023",,,
42021,Brink Of Death Playtest,2512540.0,0.0,False,,,,,,,True,False,False,,,,,,"8 Oct, 2023",,,
42032,Goat's Tale 2 Playtest,2114620.0,0.0,False,,,,,,,True,False,False,,,,,,"9 Aug, 2022",,,
42085,Medieval Knight Playtest,2066010.0,0.0,False,,,,,,,True,False,False,,,,,,"22 Jun, 2022",,,
42244,Erannorth Chronicles Playtest,1691520.0,0.0,False,,,,,,,True,False,False,,,,,,"29 Aug, 2021",,,
42321,Duel Corp. Playtest,2363710.0,0.0,False,,,,,,,True,False,False,,,,,,"21 Dec, 2023",,,
42365,SquadBlast Playtest,2080830.0,0.0,False,,,,,,,True,False,False,,,,,,"20 Sep, 2022",,,
42374,Crossings Playtest,3851530.0,0.0,False,,,,,,,True,False,False,,VR Only,,,,"4 Jul, 2025",,,
42424,Space Entity Playtest,2471700.0,0.0,False,,,,,,,True,False,False,,,,,,"30 Sep, 2023",,,
42425,Path of the Zenith Master Playtest,3868060.0,0.0,False,,,,,,,True,False,False,,,,,,"11 Jul, 2025",,,
42469,Supernova Tactics Playtest,1863230.0,0.0,False,,,,,,,True,False,False,,,,,,"4 Jan, 2022",,,
42718,Neuroshima Hex Playtest,2570820.0,0.0,False,,,,,,,True,False,False,,,,,,"28 Feb, 2025",,,
42751,Wholesome - Out and About Playtest,3787370.0,0.0,False,,,,,,,True,False,False,,,,,,"21 Jul, 2025",,,
42779,Auto Blober Playtest,3519580.0,0.0,False,,,,,,,True,False,False,,,,,,"6 Mar, 2025",,,
42800,Shadows of Doubt Playtest,2198130.0,0.0,False,,,,,,,True,False,False,,,,,,"13 Jan, 2023",,,
42802,Stickfigurez Playtest,3049710.0,0.0,False,,,,,,,True,False,False,,,,,,"13 Jun, 2025",,,
42917,The Finals Playtest,2076040.0,0.0,False,,,,,,,True,False,False,,,,,,"26 Oct, 2023",,,
42965,Call Of Boba Playtest,2449290.0,0.0,False,,,,,,,True,False,False,,,,,,"28 Jun, 2024",,,
42968,Hiraeth Playtest,2648460.0,0.0,False,,,,,,,True,False,False,,,,,,"7 Dec, 2023",,,
43103,Paradise Beach Simulator Playtest,3192040.0,0.0,False,,,,,,,True,False,False,,,,,,"18 Sep, 2024",,,
43106,Successor Playtest,1671450.0,0.0,False,,,,,,,True,False,False,,,,,,"30 Aug, 2024",,,
43174,Slotracers VR Playtest,1478660.0,0.0,False,,,,,,,True,False,False,,VR Only,,,,"17 Dec, 2020",,,
43202,Final Upgrade Playtest,1614420.0,0.0,False,,,,,,,True,False,False,,,,,,"7 May, 2021",,,
43333,Trace Hunters Playtest,2786090.0,0.0,False,,,,,,,True,False,False,,,,,,"25 Jan, 2024",,,
43339,Mall control Playtest,3801780.0,0.0,False,,,,,,,True,False,False,,,,,,"20 Jun, 2025",,,
43409,DarkSwarm Playtest,2617420.0,0.0,False,,,,,,,True,False,False,,,,,,"25 Nov, 2023",,,
43652,Pin Zhi Playtest,2542500.0,0.0,False,,,,,,,True,False,False,,,,,,"22 Jan, 2025",,,
43663,Stuntfest - World Tour Playtest,2091040.0,0.0,False,,,,,,,True,False,False,,,,,,"16 Mar, 2023",,,
43746,KuloNiku Playtest,3524590.0,0.0,False,,,,,,,True,False,False,,,,,,"27 Apr, 2025",,,
43908,The Grizzled: Armistice Digital Playtest,2124280.0,0.0,False,,,,,,,True,False,False,,,,,,"19 Aug, 2022",,,
44042,Necrosmith Playtest,1966030.0,0.0,False,,,,,,,True,False,False,,,,,,"13 May, 2022",,,
44074,Scarlet Thread Playtest,2572720.0,0.0,False,,,,,,,True,False,False,,,,,,"1 Mar, 2024",,,
44109,Recharge Playtest,3805620.0,0.0,False,,,,,,,True,False,False,,,,,,"27 Jun, 2025",,,
44124,Times & Galaxy Playtest,2732470.0,0.0,False,,,,,,,True,False,False,,,,,,"24 Apr, 2024",,,
44128,Infinite Borders: Three Kingdoms,3548360.0,0.0,False,,,,,,,True,False,False,,,,,,"11 Apr, 2025",,,
44129,Halo 4 Mod Tools - MCC,1695792.0,18.0,False,,343 Industries;Splash Damage;Ruffian Games;Bungie;Saber Interactive,,,,,True,False,False,,Single-player;Multi-player;PvP;Online PvP;LAN PvP;Co-op;Online Co-op;LAN Co-op;Cross-Platform Multiplayer;Steam Achievements;Full controller support;Steam Trading Cards;Remote Play on Phone;Remote Play on Tablet;Remote Play on TV;Family Sharing,Action,,,,,,
44166,Cyber Knights: Flashpoint Playtest,2094560.0,0.0,False,,,,,,,True,False,False,,,,,,"29 Jul, 2022",,,
44189,Scramble: Battle of Britain Playtest,3093260.0,0.0,False,,,,,,,True,False,False,,,,,,"2 Oct, 2024",,,
44248,Megaloot Playtest,2579500.0,0.0,False,,,,,,,True,False,False,,,,,,"18 Apr, 2024",,,
44301,Granny: Escape Together Playtest,3261740.0,0.0,False,,,,,,,True,False,False,,,,,,"7 Nov, 2024",,,
44435,Pro Football Playtest,2991070.0,0.0,False,,,,,,,True,False,False,,,,,,"29 Jul, 2025",,,
44506,Retail Royale Playtest,1567030.0,0.0,False,,,,,,,True,False,False,,,,,,"2 Mar, 2021",,,
44658,自动战斗：银河将军 Playtest,3535410.0,0.0,False,,,,,,,True,False,False,,,,,,"5 Mar, 2025",,,
44678,Balloon Friends Playtest,3315760.0,0.0,False,,,,,,,True,False,False,,,,,,"13 Jan, 2025",,,
44717,Rhythm Dodge Playtest,2503000.0,0.0,False,,,,,,,True,False,False,,,,,,"21 May, 2024",,,
44767,Wraithbinder Playtest,2177920.0,0.0,False,,,,,,,True,False,False,,,,,,"23 Dec, 2023",,,
44864,Microcivilization Playtest,2406840.0,0.0,False,,,,,,,True,False,False,,,,,,"13 Oct, 2023",,,
44926,Galaxy Tactics Playtest,3640020.0,0.0,False,,,,,,,True,False,False,,,,,,"4 Apr, 2025",,,
44936,DROPTCH Playtest,1742210.0,0.0,False,,,,,,,True,False,False,,,,,,"2 Sep, 2021",,,
44945,Feisty Fauna Playtest,2411860.0,0.0,False,,,,,,,True,False,False,,,,,,"4 Aug, 2024",,,
44951,摸爬Game Playtest,2814960.0,0.0,False,,,,,,,True,False,False,,,,,,"6 Mar, 2024",,,
44981,Creature Lab Playtest,1954560.0,0.0,False,,,,,,,True,False,False,,,,,,"8 Sep, 2023",,,
44998,手積み麻雀 Playtest,2602900.0,0.0,False,,,,,,,True,False,False,,,,,,"15 Sep, 2023",,,
45015,High Fructose Playtest,2888520.0,0.0,False,,,,,,,True,False,False,,,,,,"25 Apr, 2025",,,
45045,ARRIVAL: ZERO EARTH Playtest,1636130.0,0.0,False,,,,,,,True,False,False,,,,,,"28 Feb, 2022",,,
45067,Volkolak: The Will of Gods Playtest,3241240.0,0.0,False,,,,,,,True,False,False,,,,,,"30 Jan, 2025",,,
45103,My Infamous Dungeon Playtest,3270030.0,0.0,False,,,,,,,True,False,False,,,,,,"30 Jan, 2025",,,
45190,Kingdom Two Crowns Playtest,1924530.0,0.0,False,,,,,,,True,False,False,,,,,,"9 Mar, 2022",,,
45230,餓狼伝説 City of the Wolves Playtest,3275500.0,0.0,False,,,,,,,True,False,False,,Full controller support,,,,"26 Mar, 2025",,,
45374,Desktop Hacker Playtest,2339390.0,0.0,False,,,,,,,True,False,False,,,,,,"5 Mar, 2023",,,
45574,Edge Islands Playtest,3112690.0,0.0,False,,,,,,,True,False,False,,,,,,,,,
45588,Shift'n Slay Playtest,3383830.0,0.0,False,,,,,,,True,False,False,,,,,,"12 Dec, 2024",,,
45666,Horde Playtest,2693500.0,0.0,False,,,,,,,True,False,False,,,,,,"19 Jul, 2025",,,
45682,Guard Break Playtest,3671840.0,0.0,False,,,,,,,True,False,False,,,,,,"18 Apr, 2025",,,
45729,Deltazone Playtest,2148040.0,0.0,False,,,,,,,True,False,False,,,,,,"5 Nov, 2022",,,
45749,Chaotic Conflicts Playtest,2988210.0,0.0,False,,,,,,,True,False,False,,,,,,"19 Oct, 2024",,,
45752,Mechabellum Test Server,2050860.0,0.0,False,,,,,,,True,False,False,,,,,,"20 Jun, 2022",,,
45850,Ship Builder Simulator Playtest,1837470.0,0.0,False,,,,,,,True,False,False,,,,,,"3 Dec, 2021",,,
45853,Восток 2061 Playtest,1569390.0,0.0,False,,,,,,,True,False,False,,,,,,"20 Mar, 2021",,,
45898,Crossfire: Legion Playtest,1850710.0,0.0,False,,,,,,,True,False,False,,,,,,"18 Jan, 2022",,,
45993,Dinolords Playtest,3531030.0,0.0,False,,,,,,,True,False,False,,,,,,"8 Jul, 2025",,,
46004,Festival Tycoon Playtest,1470160.0,0.0,False,,,,,,,True,False,False,,,,,,"16 Apr, 2021",,,
46044,Gears of War: Reloaded Playtest,3749450.0,0.0,False,,,,,,,True,False,False,,,,,,"22 May, 2025",,,
46067,Low_Signal Playtest,3829730.0,0.0,False,,,,,,,True,False,False,,,,,,"5 Jul, 2025",,,
46116,Seven Spirits Playtest,2001730.0,0.0,False,,,,,,,True,False,False,,,,,,"2 Dec, 2022",,,
46127,Lost Ark Closed Technical Alpha Playtest,1793660.0,0.0,False,,,,,,,True,False,False,,,,2393.0,,"29 Oct, 2021",,,
46427,平寇志 Playtest,2552300.0,0.0,False,,,,,,,True,False,False,,,,,,"9 Aug, 2023",,,
46491,Ikonei Island: An Earthlock Adventure Playtest,2052750.0,0.0,False,,,,,,,True,False,False,,,,,,"11 Jun, 2022",,,
46538,猎魔战纪 Playtest,1991580.0,0.0,False,,,,,,,True,False,False,,,,,,"8 May, 2022",,,
46770,Objective: F.E.A.S.T Playtest,3277430.0,0.0,False,,,,,,,True,False,False,,,,,,"12 Oct, 2024",,,
46803,Green With Energy Playtest,1608990.0,0.0,False,,,,,,,True,False,False,,,,,,"24 Apr, 2021",,,
46844,Steel Hunters Beta Playtest,1905910.0,0.0,False,,,,,,,True,False,False,,,,,,"20 Feb, 2025",,,
46873,Luminus Playtest,1692680.0,0.0,False,,,,,,,True,False,False,,,,,,"12 Jul, 2021",,,
46966,Midnight at Forest Playtest,1888960.0,0.0,False,,,,,,,True,False,False,,,,,,"27 Feb, 2022",,,
47017,EvilPunk Playtest,3338650.0,0.0,False,,,,,,,True,False,False,,VR Only,,,,"22 Nov, 2024",,,
47068,GreenIsland Playtest,2413350.0,0.0,False,,,,,,,True,False,False,,,,,,"12 May, 2023",,,
47167,Thirty-One 3D Premium Playtest,3048150.0,0.0,False,,,,,,,True,False,False,,,,,,"14 Jun, 2024",,,
47246,Nock &amp; Load Playtest,3371920.0,0.0,False,,,,,,,True,False,False,,,,,,"28 Nov, 2024",,,
47389,Raise Your Tribe Playtest,2231910.0,0.0,False,,,,,,,True,False,False,,,,,,"20 Jan, 2025",,,
47431,Knight Squad 2 Playtest,1493780.0,0.0,False,,,,,,,True,False,False,,,,,,"11 Dec, 2020",,,
47568,Medieval Machines Builder Playtest,2439920.0,0.0,False,,,,,,,True,False,False,,,,,,"14 Sep, 2023",,,
47656,说客说 Playtest,2562530.0,0.0,False,,,,,,,True,False,False,,,,,,"24 Aug, 2023",,,
47764,Spear Playtest,3514310.0,0.0,False,,,,,,,True,False,False,,,,,,"28 Feb, 2025",,,
47771,Space Station Designer Playtest,1672800.0,0.0,False,,,,,,,True,False,False,,,,,,"22 Jun, 2021",,,
47785,Cult of the Child Eater Playtest,3402470.0,0.0,False,,,,,,,True,False,False,,,,,,"16 May, 2025",,,
47876,HAZAMA_QUEEN Playtest,2338900.0,0.0,False,,,,,,,True,False,False,,,,,,"2 Mar, 2023",,,
47905,Crack In The Dark Playtest,3409250.0,0.0,False,,,,,,,True,False,False,,,,,,"7 Mar, 2025",,,
47955,Bricks Survivors Playtest,3348810.0,0.0,False,,,,,,,True,False,False,,,,,,"18 Nov, 2024",,,
47974,Hell Architect: Prologue Playtest,1616500.0,0.0,False,,,,,,,True,False,False,,,,,,"14 May, 2021",,,
48107,M.I.N.S.K. Playtest,3413760.0,0.0,False,,,,,,,True,False,False,,,,,,"19 Jun, 2025",,,
48193,Rise of Realms Playtest,3313220.0,0.0,False,,,,,,,True,False,False,,,,,,"30 Apr, 2025",,,
48256,JETRUNNER Playtest,2870180.0,0.0,False,,,,,,,True,False,False,,,,,,,,,
48344,No Plan B Playtest,1469140.0,0.0,False,,,,,,,True,False,False,,,,,,"6 Sep, 2021",,,
48376,Grimrain Playtest,3063620.0,0.0,False,,,,,,,True,False,False,,,,,,"26 Apr, 2025",,,
48398,Sect Leader's Decree Playtest,3506180.0,0.0,False,,,,,,,True,False,False,,,,,,"4 May, 2025",,,
48421,Godslayer Arena Playtest,3079810.0,0.0,False,,,,,,,True,False,False,,,,,,"15 Jul, 2024",,,
48653,DEAD MAN'S HAND: Card Roulette Action Playtest,2884050.0,0.0,False,,,,,,,True,False,False,,,,,,"26 Mar, 2024",,,
48778,Soul Link Playtest,2061350.0,0.0,False,,,,,,,True,False,False,,,,,,"2 Dec, 2022",,,
48835,Serious Fun Football Playtest,2069280.0,0.0,False,,,,,,,True,False,False,,,,,,"30 Jun, 2022",,,
48862,Slut Squad Playtest,3662050.0,0.0,False,,,,,,,True,False,False,,,,,,"27 May, 2025",,,
48909,Heart Abyss Playtest,3119560.0,0.0,False,,,,,,,True,False,False,,,,,,"15 Aug, 2024",,,
49115,Anonymous Hacker Simulator Playtest,2552620.0,0.0,False,,,,,,,True,False,False,,,,,,"27 Mar, 2024",,,
49123,STRAFTAT 4 Players Playtest,2456970.0,0.0,False,,,,,,,True,False,False,,,,,,"19 Jun, 2025",,,
49158,The Void Project Playtest,2698840.0,0.0,False,,,,,,,True,False,False,,,,,,"4 Feb, 2024",,,
49190,KILLER INN - BETA,3627660.0,0.0,False,,,,,,,True,False,False,,,,,,"25 Jul, 2025",,,
49304,Aces and Adventures Playtest,2273990.0,0.0,False,,,,,,,True,False,False,,,,,,"1 Feb, 2023",,,
49357,Crystalfall Open Beta Playtest,2620990.0,0.0,False,,,,,,,True,False,False,,,,,,,,,
49384,NARAKA: BLADEPOINT - Test Server Playtest,1471190.0,0.0,False,,,,,,,True,False,False,,,,,,"17 Nov, 2020",,,
49545,Tales Of Shadowland Playtest,3054230.0,0.0,False,,,,,,,True,False,False,,,,,,"28 Jun, 2024",,,
49603,Predecessor Playtest,1661320.0,0.0,False,,,,,,,True,False,False,,,,,,"1 Apr, 2022",,,
49631,Omnipresence Playtest,2446490.0,0.0,False,,,,,,,True,False,False,,,,,,"23 Oct, 2023",,,
49698,Craggenrock Playtest,2319710.0,0.0,False,,,,,,,True,False,False,,,,,,"31 May, 2023",,,
49712,RivenWorld Playtest,2324690.0,0.0,False,,,,,,,True,False,False,,,,,,"1 Apr, 2023",,,
49721,Genesis of a Small God Playtest,2422190.0,0.0,False,,,,,,,True,False,False,,,,,,"20 Oct, 2023",,,
49937,Room In Dream Playtest,2542330.0,0.0,False,,,,,,,True,False,False,,,,,,"8 Aug, 2023",,,
49952,YVY Playtest,3557490.0,0.0,False,,,,,,,True,False,False,,,,,,"23 May, 2025",,,
49983,Triversal Playtest,1629620.0,0.0,False,,,,,,,True,False,False,,,,,,"1 Mar, 2024",,,
50000,Turbo Golf Racing Playtest,1967580.0,0.0,False,,,,,,,True,False,False,,,,,,"21 Apr, 2022",,,
50085,Gun Knight All Day Playtest,2355240.0,0.0,False,,,,,,,True,False,False,,,,,,"15 Mar, 2023",,,
50115,Bog Roll Playtest,2548300.0,0.0,False,,,,,,,True,False,False,,,,,,"10 Aug, 2023",,,
50203,Kite Playtest,3473770.0,0.0,False,,,,,,,True,False,False,,,,,,"16 May, 2025",,,
50296,Titan Quest II Playtest,3578320.0,0.0,False,,,,,,,True,False,False,,,,,,"12 Mar, 2025",,,
50390,BroadSword Playtest,2616880.0,0.0,False,,,,,,,True,False,False,,,,,,"16 Nov, 2023",,,
50532,Beneath Playtest,3711710.0,0.0,False,,,,,,,True,False,False,,,,,,"15 Jul, 2025",,,
50607,An Eternity Gone By Playtest,3020010.0,0.0,False,,,,,,,True,False,False,,,,,,"18 Jun, 2024",,,
50731,Nubs! Playtest,3454140.0,0.0,False,,,,,,,True,False,False,,,,,,,,,
50795,Airframe Ultra Playtest,3416200.0,0.0,False,,,,,,,True,False,False,,,,,,"25 Jul, 2025",,,
50880,Royal Revolt Warriors Playtest,3228200.0,0.0,False,,,,,,,True,False,False,,,,,,"17 Sep, 2024",,,
50908,SCP: Infohazard Playtest,2900310.0,0.0,False,,,,,,,True,False,False,,,,,,"21 Mar, 2024",,,
50915,The Wicked Playtest,1531360.0,0.0,False,,,,,,,True,False,False,,,,,,"14 Feb, 2021",,,
50919,Comet Rogue Playtest,3377470.0,0.0,False,,,,,,,True,False,False,,,,,,"3 Dec, 2024",,,
50926,teamtower Playtest,1656730.0,0.0,False,,,,,,,True,False,False,,,,,,"18 Aug, 2021",,,
51034,Prison Life 2 Playtest,2209070.0,0.0,False,,,,,,,True,False,False,,,,,,"22 Dec, 2022",,,
51142,Mistery Playtest,3012690.0,0.0,False,,,,,,,True,False,False,,,,,,"19 Nov, 2024",,,
51168,IT Hell Playtest,2378830.0,0.0,False,,,,,,,True,False,False,,,,,,"5 Apr, 2023",,,
51178,Timeless Echoes Playtest,3872270.0,0.0,False,,,,,,,True,False,False,,,,,,"13 Jul, 2025",,,
51369,Heroes of Agora Playtest,1770610.0,0.0,False,,,,,,,True,False,False,,,,,,"1 Apr, 2022",,,
51390,Dark Hours Playtest,3186450.0,0.0,False,,,,,,,True,False,False,,,,,,"15 Aug, 2025",,,
51396,D-Day VR Museum Playtest,2935020.0,0.0,False,,,,,,,True,False,False,,VR Only,,,,"1 May, 2024",,,
51465,GuruGuru Playtest,3141950.0,0.0,False,,,,,,,True,False,False,,,,,,"26 Sep, 2024",,,
51552,Dungeon Rampage Playtest,3410090.0,0.0,False,,,,,,,True,False,False,,,,,,"21 Feb, 2025",,,
51593,ZpellCatz Playtest,2423250.0,0.0,False,,,,,,,True,False,False,,,,,,"7 May, 2023",,,
51624,Abiotic Factor Playtest,2234800.0,0.0,False,,,,,,,True,False,False,,,,,,"12 Dec, 2023",,,
51665,First Class Trouble Playtest,1492350.0,0.0,False,,,,,,,True,False,False,,,,,,"4 Apr, 2021",,,
51731,Goose vs Zombies Playtest,1854610.0,0.0,False,,,,,,,True,False,False,,,,,,"8 Jan, 2022",,,
51765,Temtem: Swarm Playtest,3101950.0,0.0,False,,,,,,,True,False,False,,Full controller support,,,,"12 Sep, 2024",,,
51816,Deducto 2 Playtest,2247810.0,0.0,False,,,,,,,True,False,False,,,,,,"26 May, 2023",,,
51850,DRAGON BALL GEKISHIN SQUADRA EM,2572370.0,0.0,False,,,,,,,True,False,False,,,,,,"11 Jun, 2025",,,
51887,Crab Champions Playtest,1625310.0,0.0,False,,,,,,,True,False,False,,,,,,"1 Jan, 2023",,,
51904,RTE worlds Playtest,1962380.0,0.0,False,,,,,,,True,False,False,,,,,,"15 Mar, 2024",,,
52028,Munich Bus Simulator,283560.0,0.0,False,,TML-Studios,Aerosoft GmbH,CAD,19.49,19.49,True,False,False,,Single-player;Family Sharing,Simulation,318.0,,"7 Apr, 2014",,,
52114,Huntscape Playtest,2143720.0,0.0,False,,,,,,,True,False,False,,,,,,"8 Sep, 2022",,,
52141,Janosik 2 Playtest,3181210.0,0.0,False,,,,,,,True,False,False,,,,,,"10 Sep, 2024",,,
52169,再来一枪 Playtest,3557080.0,0.0,False,,,,,,,True,False,False,,,,,,"21 May, 2025",,,
52223,Dog And Goblin Playtest,2674380.0,0.0,False,,,,,,,True,False,False,,,,,,"23 Aug, 2024",,,
52231,Monster Mop Up Playtest,2515550.0,0.0,False,,,,,,,True,False,False,,,,,,"20 Mar, 2025",,,
52279,Boring Movies Playtest,2537990.0,0.0,False,,,,,,,True,False,False,,,,,,"12 Apr, 2024",,,
52310,Gunbot Diplomacy Playtest,3124700.0,0.0,False,,,,,,,True,False,False,,,,,,"14 Aug, 2024",,,
52326,Interdimension Playtest,1766110.0,0.0,False,,,,,,,True,False,False,,,,,,"4 Oct, 2021",,,
52371,Cyber Rail Playtest,2986760.0,0.0,False,,,,,,,True,False,False,,,,,,"23 Dec, 2024",,,
52380,Star Life Playtest,3419480.0,0.0,False,,,,,,,True,False,False,,,,,,"16 Jan, 2025",,,
52397,Go Forward Survivors Playtest,3683670.0,0.0,False,,,,,,,True,False,False,,,,,,"23 Apr, 2025",,,
52405,Project Dragon Playtest,2933600.0,0.0,False,,,,,,,True,False,False,,,,,,"30 Apr, 2024",,,
52493,Battlechat Playtest,2764620.0,0.0,False,,,,,,,True,False,False,,,,,,"9 Jan, 2024",,,
52507,Projected Dreams Playtest,2861250.0,0.0,False,,,,,,,True,False,False,,,,,,"14 Nov, 2024",,,
52575,Championship Wrestling Promoter Playtest,2123730.0,0.0,False,,,,,,,True,False,False,,,,,,"22 Aug, 2022",,,
52646,1001 Nights Playtest,3099800.0,0.0,False,,,,,,,True,False,False,,,,,,"4 Aug, 2024",,,
52716,Deadhaus Sonata Playtest,2102850.0,0.0,False,,,,,,,True,False,False,,,,,,"30 Jul, 2022",,,
52733,Tree of Life 2 Playtest,1472220.0,0.0,False,,,,,,,True,False,False,,,,,,"21 Jan, 2022",,,
52783,Frigato - Shadows of the Caribbean Playtest,2106950.0,0.0,False,,,,,,,True,False,False,,,,,,"2 Jan, 2023",,,
52878,Prison Boss Prohibition Playtest,3732790.0,0.0,False,,,,,,,True,False,False,,VR Only,,,,"17 Jun, 2025",,,
52893,Nin Online Playtest,3830740.0,0.0,False,,,,,,,True,False,False,,,,,,"20 Jun, 2025",,,
53151,Hoser Hockey Playtest,1470560.0,0.0,False,,,,,,,True,False,False,,,,,,"11 Nov, 2020",,,
53163,Lord O' Pirates Playtest,2792790.0,0.0,False,,,,,,,True,False,False,,,,,,"6 Mar, 2024",,,
53230,Shadows of Soldiers Playtest,2524750.0,0.0,False,,,,,,,True,False,False,,,,,,"13 Jun, 2025",,,
53281,Drakantos Playtest,3830120.0,0.0,False,,,,,,,True,False,False,,,,,,"25 Jul, 2025",,,
53504,Urban Explorer Playtest,2615620.0,0.0,False,,,,,,,True,False,False,,,,,,"19 May, 2024",,,
53507,Dark and Deep Playtest,2689730.0,0.0,False,,,,,,,True,False,False,,,,,,"20 Mar, 2024",,,
53516,XTAL,2022640.0,0.0,False,,True Colors,True Colors,,,,True,False,False,,Single-player;Steam Achievements;Full controller support;Family Sharing,Action;Adventure,,,,,,
53627,Eight Dragons 2 Playtest,2132280.0,0.0,False,,,,,,,True,False,False,,,,,,"10 Feb, 2025",,,
53726,The Backrooms Playtest,2275030.0,0.0,False,,,,,,,True,False,False,,,,,,"20 Dec, 2023",,,
53798,Street Dog BMX Playtest,3352330.0,0.0,False,,,,,,,True,False,False,,,,,,"11 Dec, 2024",,,
53829,Fright Knight Legend Playtest,2170770.0,0.0,False,,,,,,,True,False,False,,,,,,"21 Oct, 2022",,,
53914,Out There: Oceans of Time Playtest,1669070.0,0.0,False,,,,,,,True,False,False,,,,,,"22 Jun, 2021",,,
53921,Night is Coming Playtest,3473460.0,0.0,False,,,,,,,True,False,False,,,,,,"23 Jan, 2025",,,
53956,The Long Fall Home Playtest,3579030.0,0.0,False,,,,,,,True,False,False,,,,,,"1 Jul, 2025",,,
54106,IMMORTAL: Gates of Pyre Playtest,3115580.0,0.0,False,,,,,,,True,False,False,,,,,,"19 Jan, 2025",,,
54109,Kusan : City of Wolves Playtest,2479390.0,0.0,False,,,,,,,True,False,False,,,,,,"28 Oct, 2024",,,
54199,Halo: CE Mod Tools - MCC,1532190.0,0.0,False,,343 Industries;Splash Damage;Ruffian Games;Bungie;Saber Interactive,Xbox Game Studios,,,,True,False,False,,Family Sharing,,,,"23 Jun, 2021",,,
54297,Dino Topia Playtest,3675230.0,0.0,False,,,,,,,True,False,False,,,,,,,,,
54331,Orbital Combat Playtest,1792300.0,0.0,False,,,,,,,True,False,False,,,,,,"28 Dec, 2021",,,
54390,Noble's Life: Kingdom Reborn Prologue Playtest,2943580.0,0.0,False,,,,,,,True,False,False,,,,,,"23 Apr, 2024",,,
54544,Helms of Fury Playtest,3297760.0,0.0,False,,,,,,,True,False,False,,,,,,"6 Nov, 2024",,,
54576,Age Of Warbots Playtest,3508490.0,0.0,False,,,,,,,True,False,False,,,,,,"6 Jun, 2025",,,
54583,Mr. K.I.S.S. Playtest,2572550.0,0.0,False,,,,,,,True,False,False,,,,,,"22 Oct, 2023",,,
54642,Heroes of Valor Playtest,3317910.0,0.0,False,,,,,,,True,False,False,,,,,,"14 Jun, 2025",,,
54678,Foundations Playtest,2570460.0,0.0,False,,,,,,,True,False,False,,,,,,"24 Aug, 2023",,,
54699,Bonding Ambivalence Playtest,1886100.0,0.0,False,,,,,,,True,False,False,,,,,,"2 Sep, 2022",,,
54844,Trouble Makers Playtest,3374010.0,0.0,False,,,,,,,True,False,False,,,,,,"24 May, 2025",,,
54881,Ozymandias Playtest,1831910.0,0.0,False,,,,,,,True,False,False,,,,,,"28 Mar, 2022",,,
54908,Party Animals Playtest,1401390.0,0.0,False,,,,,,,True,False,False,,,,261.0,,"15 Sep, 2023",,,
54978,Formula TOP Playtest,2085670.0,0.0,False,,,,,,,True,False,False,,,,,,"14 Jul, 2022",,,
54988,Global Conflagration Playtest,1468510.0,0.0,False,,,,,,,True,False,False,,,,,,"4 Aug, 2023",,,
55074,Highpoint Playtest,2100800.0,0.0,False,,,,,,,True,False,False,,,,,,"29 Jul, 2022",,,
55231,The Battle of Sacred Heart Playtest,2366560.0,0.0,False,,,,,,,True,False,False,,,,,,"12 Jun, 2024",,,
55271,Draw Playtest,2574720.0,0.0,False,,,,,,,True,False,False,,,,,,"6 Oct, 2023",,,
55369,Industries of Titan Playtest,1650770.0,0.0,False,,,,,,,True,False,False,,,,,,"3 Jun, 2021",,,
55436,Inward Playtest,2187870.0,0.0,False,,,,,,,True,False,False,,Single-player,,,,"20 Oct, 2022",,,
55622,Stygian: Outer Gods Playtest,3594960.0,0.0,False,,,,,,,True,False,False,,,,,,"4 Apr, 2025",,,
55730,Guard the Tower! Playtest,2878300.0,0.0,False,,,,,,,True,False,False,,,,,,"2 May, 2024",,,
55755,Destroyer: The U-Boat Hunter Playtest,1682310.0,0.0,False,,,,,,,True,False,False,,,,,,"9 Jul, 2021",,,
55809,Skygard Arena Beta Playtest,2488440.0,0.0,False,,,,,,,True,False,False,,,,,,"11 Jun, 2024",,,
55823,Fleshgait Playtest,1847960.0,0.0,False,,,,,,,True,False,False,,,,,,"17 Dec, 2021",,,
55847,Auto Fuszerka Playtest,3323560.0,0.0,False,,,,,,,True,False,False,,,,,,"18 Nov, 2024",,,
55874,Escalar Playtest,2374310.0,0.0,False,,,,,,,True,False,False,,,,,,"20 May, 2023",,,
55963,Gamble Tower Playtest,2210010.0,0.0,False,,,,,,,True,False,False,,,,,,"29 Apr, 2023",,,
55973,我的侠客 Playtest,1945400.0,0.0,False,,,,,,,True,False,False,,,,,,"16 May, 2022",,,
56029,METAL DOGS Playtest,1681030.0,0.0,False,,,,,,,True,False,False,,,,,,"23 Jul, 2021",,,
56048,"You, Caligrapher Playtest",1601110.0,0.0,False,,,,,,,True,False,False,,VR Only,,,,"6 May, 2021",,,
56122,Ragtag Crew Playtest,1612130.0,0.0,False,,,,,,,True,False,False,,,,,,"28 Apr, 2021",,,
56317,Omega Crafter Playtest,2364820.0,0.0,False,,,,,,,True,False,False,,,,,,"1 Dec, 2023",,,
56370,The Axis Unseen Playtest,2862250.0,0.0,False,,,,,,,True,False,False,,,,,,"29 Feb, 2024",,,
56424,Fantasy Village Simulator Playtest,2716900.0,0.0,False,,,,,,,True,False,False,,,,,,"2 Dec, 2023",,,
56581,TEVI Playtest,2385180.0,0.0,False,,,,,,,True,False,False,,,,,,"14 Jul, 2023",,,
56601,Men of War II Playtest,2112280.0,0.0,False,,,,,,,True,False,False,,,,,,"16 Nov, 2023",,,
56622,Enduring Dreamers: Freya Playtest,2116650.0,0.0,False,,,,,,,True,False,False,,,,,,"10 Aug, 2022",,,
56722,Twinsen's Little Big Adventure Remastered Playtest,2374470.0,0.0,False,,,,,,,True,False,False,,,,,,"12 May, 2023",,,
56738,アザリスの迷宮 Playtest,2372390.0,0.0,False,,,,,,,True,False,False,,,,,,"29 Mar, 2023",,,
56754,Ardem Playtest,2673070.0,0.0,False,,,,,,,True,False,False,,,,,,"24 Mar, 2025",,,
56793,Half Sword Playtest,2527870.0,0.0,False,,,,,,,True,False,False,,,,,,"17 Jul, 2024",,,
56818,Project ST Beta,2478770.0,0.0,False,,,,,,,True,False,False,,,,,,"12 Jul, 2023",,,
56819,Spookitchen Playtest,3799000.0,0.0,False,,,,,,,True,False,False,,,,,,"12 Aug, 2025",,,
56831,Microtopia Playtest,3359150.0,0.0,False,,,,,,,True,False,False,,,,,,"26 Nov, 2024",,,
57000,MISERY Playtest,3847130.0,0.0,False,,,,,,,True,False,False,,,,,,"27 Jul, 2025",,,
57039,Bobo Bay Playtest,2903040.0,0.0,False,,,,,,,True,False,False,,,,,,"31 Jul, 2025",,,
57260,Police Shootout Playtest,1879780.0,0.0,False,,,,,,,True,False,False,,,,,,"26 Jan, 2022",,,
57261,Phantom Blaze Playtest,2648820.0,0.0,False,,,,,,,True,False,False,,,,,,"24 Oct, 2023",,,
57284,方寸三国 Playtest,3822210.0,0.0,False,,,,,,,True,False,False,,,,,,"27 Jun, 2025",,,
57553,Angrbotha Mountains Playtest,2699140.0,0.0,False,,,,,,,True,False,False,,,,,,"22 Nov, 2023",,,
57560,Trolling Bowling Playtest,3699340.0,0.0,False,,,,,,,True,False,False,,,,,,"9 May, 2025",,,
57644,Store Life Simulator Playtest,3613380.0,0.0,False,,,,,,,True,False,False,,,,,16.0,"31 Mar, 2025",,,
57666,Ад: далёкие огни Playtest,2642750.0,0.0,False,,,,,,,True,False,False,,,,,,"13 Oct, 2023",,,
57780,Hooking Season Playtest,2076590.0,0.0,False,,,,,,,True,False,False,,,,,,"22 Jul, 2022",,,
57830,Halls of Watershot Playtest,2560430.0,0.0,False,,,,,,,True,False,False,,,,,,"19 Aug, 2023",,,
57888,Big Earth Playtest,1614190.0,0.0,False,,,,,,,True,False,False,,,,,,"9 Jun, 2022",,,
57918,Currently Unstable Playtest,2575020.0,0.0,False,,,,,,,True,False,False,,,,,,"20 Apr, 2024",,,
57970,Lost Expeditions: Station One Playtest,1518970.0,0.0,False,,,,,,,True,False,False,,,,,,"13 Aug, 2021",,,
58123,Kitty's Last Adventure Playtest,2984730.0,0.0,False,,,,,,,True,False,False,,,,,,"10 Sep, 2024",,,
58255,"Ready, Set, Block! Playtest",3745940.0,0.0,False,,,,,,,True,False,False,,,,,,"20 May, 2025",,,
58314,Ring of Titans Playtest,1886430.0,0.0,False,,,,,,,True,False,False,,,,,,"27 Jan, 2022",,,
58358,Species: Unknown Playtest,3734030.0,0.0,False,,,,,,,True,False,False,,,,,,"17 Jun, 2025",,,
58385,Shadow of the Road Playtest,3498750.0,0.0,False,,,,,,,True,False,False,,,,,,,,,
58425,Bargue Playtest,2004100.0,0.0,False,,,,,,,True,False,False,,,,,,"26 May, 2022",,,
58439,SCP Playtest,2844070.0,0.0,False,,,,,,,True,False,False,,,,,,"23 Sep, 2024",,,
58558,REMEDIUM Playtest,2455250.0,0.0,False,,,,,,,True,False,False,,,,,,"8 Jun, 2023",,,
58566,雀道 Mahjong Route Playtest,3810230.0,0.0,False,,,,,,,True,False,False,,,,,,"29 Jul, 2025",,,
58574,Whiskers and Wizardry Playtest,3397410.0,0.0,False,,,,,,,True,False,False,,,,,,"28 Dec, 2024",,,
58621,Builders of Greece Playtest,2261390.0,0.0,False,,,,,,,True,False,False,,,,,,"5 Feb, 2024",,,
58662,Dungeon Online Playtest,3013240.0,0.0,False,,,,,,,True,False,False,,,,,,"28 May, 2024",,,
58804,Banana Loco Playtest,3672150.0,0.0,False,,,,,,,True,False,False,,,,,,"13 Jun, 2025",,,
58834,Jetpack Birdie Playtest,3266810.0,0.0,False,,,,,,,True,False,False,,,,,,"6 Jan, 2025",,,
58959,Photography Simulator Playtest,2561560.0,0.0,False,,,,,,,True,False,False,,,,,,"2 Feb, 2024",,,
59122,Alternis Playtest,3343640.0,0.0,False,,,,,,,True,False,False,,,,,,"19 Nov, 2024",,,
59129,House Builder VR Playtest,2251640.0,0.0,False,,,,,,,True,False,False,,VR Only,,,,"31 Dec, 2022",,,
59141,Sirocco Playtest,2876840.0,0.0,False,,,,,,,True,False,False,,,,,,"24 Apr, 2024",,,
59187,Risk &amp; Riches Playtest,3234600.0,0.0,False,,,,,,,True,False,False,,,,,,"20 Sep, 2024",,,
59207,Tales edge Playtest,3752930.0,0.0,False,,,,,,,True,False,False,,,,,,"6 Aug, 2025",,,
59239,Z_BM_Test Playtest,2621920.0,0.0,False,,,,,,,True,False,False,,,,,,"29 Sep, 2023",,,
59242,Inkbound Playtest,2237570.0,0.0,False,,,,,,,True,False,False,,,,,,"4 Jan, 2023",,,
59308,LithoBreak Playtest,1470200.0,0.0,False,,,,,,,True,False,False,,,,,,"26 Jul, 2022",,,
59312,Lost Eidolons: Veil of the Witch Playtest,2864930.0,0.0,False,,,,,,,True,False,False,,,,,,"18 Mar, 2024",,,
59393,PUSH Playtest,2615340.0,0.0,False,,,,,,,True,False,False,,,,,,,,,
59454,Planet Party Time Playtest,3434010.0,0.0,False,,,,,,,True,False,False,,,,,,"14 May, 2025",,,
59463,Squad Tactics Playtest,2338980.0,0.0,False,,,,,,,True,False,False,,,,,,"6 Nov, 2024",,,
59481,CIPHER ZERO Playtest,2876810.0,0.0,False,,,,,,,True,False,False,,,,,,"8 Mar, 2024",,,
59514,The Magistrate Playtest,2343540.0,0.0,False,,,,,,,True,False,False,,,,,,"27 Dec, 2023",,,
59594,Out of Sight Playtest,1949540.0,0.0,False,,,,,,,True,False,False,,,,,,"3 Apr, 2022",,,
59612,The Backroom - Lost and Found Playtest,2022350.0,0.0,False,,,,,,,True,False,False,,,,,,"21 Jun, 2022",,,
59661,Keyboard Maestro Voyage Playtest,1692050.0,0.0,False,,,,,,,True,False,False,,,,,,"29 Jul, 2023",,,
59686,BRoS - Battle Royale of Survival Playtest,2197420.0,0.0,False,,,,,,,True,False,False,,,,,,"8 Feb, 2023",,,
59697,Stick and Stack Playtest,3736930.0,0.0,False,,,,,,,True,False,False,,,,,,,,,
59738,StarRupture Playtest,3837830.0,0.0,False,,,,,,,True,False,False,,,,,,"11 Jul, 2025",,,
59804,Generic RPG Idle Playtest,1946780.0,0.0,False,,,,,,,True,False,False,,,,,,"6 Aug, 2023",,,
59891,Killing Floor 3 Playtest,3526590.0,0.0,False,,,,,,,True,False,False,,,,,,"22 Jul, 2025",,,
59907,Bunny Game Playtest,2657970.0,0.0,False,,,,,,,True,False,False,,,,,,"9 Feb, 2024",,,
59960,Tray Racers Playtest,2152520.0,0.0,False,,,,,,,True,False,False,,,,,,"2 Dec, 2022",,,
59981,Star Salvager Playtest,1937630.0,0.0,False,,,,,,,True,False,False,,,,,,"17 Mar, 2022",,,
60188,Glassbreakers: Champions of Moss Playtest,2621680.0,0.0,False,,,,,,,True,False,False,,VR Only,,,,"9 Oct, 2023",,,
60189,Linear Calamity Playtest,2901280.0,0.0,False,,,,,,,True,False,False,,,,,,,,,
60191,Ultimate Hero: The Legend of Flurry Playtest,2961390.0,0.0,False,,,,,,,True,False,False,,,,,,"18 Mar, 2025",,,
60211,赏金游戏 Playtest,1872770.0,0.0,False,,,,,,,True,False,False,,,,,,"5 Apr, 2022",,,
60315,autarkis Playtest,2396360.0,0.0,False,,,,,,,True,False,False,,,,,0.0,"17 Apr, 2023",,,
60452,Blossom: The Seed Of Life Playtest,3776770.0,0.0,False,,,,,,,True,False,False,,,,,,"27 Jun, 2025",,,
60463,Moonshine Inc. Playtest,2197570.0,0.0,False,,,,,,,True,False,False,,,,,,"4 Nov, 2022",,,
60494,风铃物语 Playtest,3227050.0,0.0,False,,,,,,,True,False,False,,,,,,"16 Oct, 2024",,,
60597,Turmoil Playtest,1498770.0,0.0,False,,,,,,,True,False,False,,,,,,"22 Aug, 2024",,,
60662,Bug Blazer Playtest,2097240.0,0.0,False,,,,,,,True,False,False,,,,,,"26 Aug, 2022",,,
60724,Sky Base Venus Playtest,2417640.0,0.0,False,,,,,,,True,False,False,,,,,,"19 May, 2023",,,
60853,World Boss Playtest,2065390.0,0.0,False,,,,,,,True,False,False,,,,,,"6 Sep, 2022",,,
60937,Blackout Protocol Playtest,2243490.0,0.0,False,,,,,,,True,False,False,,,,,,"24 Jul, 2024",,,
60992,Grapples Galore Playtest,3395380.0,0.0,False,,,,,,,True,False,False,,,,,,"11 Jan, 2025",,,
61026,Bedroom Battlegrounds Playtest,2899170.0,0.0,False,,,,,,,True,False,False,,,,,,"30 May, 2024",,,
61110,Dead Alone Playtest,2548340.0,0.0,False,,,,,,,True,False,False,,,,,,"8 Jan, 2024",,,
61113,小小群雄 Playtest,2755780.0,0.0,False,,,,,,,True,False,False,,,,,,"2 Jun, 2024",,,
61178,Spectrolite Playtest,1766780.0,0.0,False,,,,,,,True,False,False,,,,,,"15 Oct, 2021",,,
61209,My Liege Playtest,3409490.0,0.0,False,,,,,,,True,False,False,,,,,,"6 Jan, 2025",,,
61216,Void Harvest Playtest,3621740.0,0.0,False,,,,,,,True,False,False,,,,,,"6 Apr, 2025",,,
61286,Aria and the Crystal Kingdom Playtest,2146670.0,0.0,False,,,,,,,True,False,False,,,,,,"11 Sep, 2022",,,
61423,The Moon Ate The Sun - A Realtime Turn Based RPG Playtest,3213130.0,0.0,False,,,,,,,True,False,False,,,,,,"10 Sep, 2024",,,
61462,Undead West Playtest,3001820.0,0.0,False,,,,,,,True,False,False,,,,,,"16 Sep, 2024",,,
61478,Loya Playtest,2274280.0,0.0,False,,,,,,,True,False,False,,,,,,"9 Jan, 2024",,,
61540,Geranium Playtest,2464720.0,0.0,False,,,,,,,True,False,False,,,,,,"4 Aug, 2023",,,
61694,Chernobyl Liquidators Simulator Playtest,1478930.0,0.0,False,,,,,,,True,False,False,,,,,,"5 Feb, 2021",,,
61738,中国世纪放置遊戲(idle Chinese Century) Playtest,2289340.0,0.0,False,,,,,,,True,False,False,,,,,,"21 Jan, 2023",,,
61802,Enfora Star Playtest,3595400.0,0.0,False,,,,,,,True,False,False,,,,,,"23 Mar, 2025",,,
61933,Dead Exhale Playtest,3839030.0,0.0,False,,,,,,,True,False,False,,,,,,"3 Jul, 2025",,,
61992,Word Factori Playtest,2307860.0,0.0,False,,,,,,,True,False,False,,,,,,"1 Sep, 2023",,,
62005,HeavenX Playtest,3518640.0,0.0,False,,,,,,,True,False,False,,,,,,"9 Apr, 2025",,,
62088,Lab Chaos Playtest,2262700.0,0.0,False,,,,,,,True,False,False,,,,,,"28 Dec, 2022",,,
62124,Spellbound Shuffle Playtest,2837970.0,0.0,False,,,,,,,True,False,False,,,,,,"24 Mar, 2024",,,
62245,Block-ed Playtest,2683020.0,0.0,False,,,,,,,True,False,False,,,,,,"8 Nov, 2023",,,
62271,反击！从今天起整顿职场 Playtest,2749230.0,0.0,False,,,,,,,True,False,False,,,,,,"23 Feb, 2024",,,
62296,硬币与仙人掌 (Coins &amp; Wishpalm) Playtest,3408460.0,0.0,False,,,,,,,True,False,False,,,,,,"17 Dec, 2024",,,
62510,,,,,,,,,,,,,,,,,,,,-1.0,,
62523,Desynced Playtest,2253960.0,0.0,False,,,,,,,True,False,False,,,,,,"21 Dec, 2022",,,
62678,Niktophobia Playtest,2891920.0,0.0,False,,,,,,,True,False,False,,VR Supported,,,,"20 Jun, 2024",,,
62735,PlateUp! Playtest,1613620.0,0.0,False,,,,,,,True,False,False,,,,,,"6 Jun, 2022",,,
62753,The Alters Playtest,3728820.0,0.0,False,,,,,,,True,False,False,,,,,,"23 May, 2025",,,
62758,Block'Em! Playtest,1722030.0,0.0,False,,,,,,,True,False,False,,,,,,"4 Aug, 2022",,,
62765,Steel Swarm: APOCALYPSE Playtest,3307260.0,0.0,False,,,,,,,True,False,False,,,,,,"29 Oct, 2024",,,
62792,XenoHaven Playtest,3623310.0,0.0,False,,,,,,,True,False,False,,,,,,"24 Jul, 2025",,,
62832,Dawnmaker Playtest,3131180.0,0.0,False,,,,,,,True,False,False,,,,,,"8 Aug, 2024",,,
62886,Pale Night Playtest,1951510.0,0.0,False,,,,,,,True,False,False,,,,,,"8 Jun, 2022",,,
63000,Voxelotl Garden Playtest,1846160.0,0.0,False,,,,,,,True,False,False,,,,,,"13 Dec, 2021",,,
63219,Ars Notoria Playtest,2074670.0,0.0,False,,,,,,,True,False,False,,,,,,"4 Aug, 2025",,,
63359,Dungeons of the Obelisk Playtest,2754360.0,0.0,False,,,,,,,True,False,False,,,,,,"26 Jan, 2024",,,
63480,Quilts and Cats of Calico Playtest,2315280.0,0.0,False,,,,,,,True,False,False,,,,,,"25 Jan, 2024",,,
63533,Bloodthief Playtest,2674720.0,0.0,False,,,,,,,True,False,False,,,,,,"17 Nov, 2023",,,
63617,梦夜Nightmare Playtest,3549190.0,0.0,False,,,,,,,True,False,False,,,,,,"26 Feb, 2025",,,
63635,Aground Zero Playtest,1838610.0,0.0,False,,,,,,,True,False,False,,,,,,"2 Dec, 2021",,,
63746,Net Raiders Playtest,3028470.0,0.0,False,,,,,,,True,False,False,,,,,,"4 Jun, 2024",,,
63761,MoonMiners Playtest,3681850.0,0.0,False,,,,,,,True,False,False,,,,,,"16 May, 2025",,,
63961,Im Bann Der Dunklen Jagd Playtest,3232780.0,0.0,False,,,,,,,True,False,False,,,,,,"27 Sep, 2024",,,
64029,Arcanima: Mist of Oblivion Playtest,2464830.0,0.0,False,,,,,,,True,False,False,,,,,,"29 Jun, 2023",,,
64098,Knight Crawlers Playtest,1953300.0,0.0,False,,,,,,,True,False,False,,,,,,"5 Aug, 2022",,,
64112,Havenhold Playtest,2650720.0,0.0,False,,,,,,,True,False,False,,,,,,"15 Apr, 2025",,,
64140,The Hauntings Playtest,1695270.0,0.0,False,,,,,,,True,False,False,,,,,,"22 Jul, 2021",,,
64215,Strayed Playtest,2372160.0,0.0,False,,,,,,,True,False,False,,VR Only,,,,"22 Dec, 2023",,,
64539,置きエイムマスター Playtest,3105300.0,0.0,False,,,,,,,True,False,False,,,,,,"16 Jul, 2024",,,
64692,Little Rocket Lab Playtest,3570420.0,0.0,False,,,,,,,True,False,False,,,,,,"6 Mar, 2025",,,
64743,Knife To Meet You Playtest,1684850.0,0.0,False,,,,,,,True,False,False,,,,,,"4 Jul, 2021",,,
64775,Zoo Simulator Playtest,2557600.0,0.0,False,,,,,,,True,False,False,,,,,,"29 Sep, 2023",,,
64785,Slingshottr Playtest,2911670.0,0.0,False,,,,,,,True,False,False,,,,,,"30 Mar, 2024",,,
64982,Baldur's Gate 3 Playtest,2912110.0,0.0,False,,,,,,,True,False,False,,,,,,"28 Jan, 2025",,,
65036,Marte Playtest,3490350.0,0.0,False,,,,,,,True,False,False,,,,,,"2 Feb, 2025",,,
65083,Ancient Wars: Sparta Definitive Edition Playtest,1818400.0,0.0,False,,,,,,,True,False,False,,,,,,"12 Jan, 2022",,,
65089,Don't Lose Aggro Playtest,3129200.0,0.0,False,,,,,,,True,False,False,,,,,,"26 Jul, 2024",,,
65156,Hapland Trilogy Playtest,1931320.0,0.0,False,,,,,,,True,False,False,,,,,,"9 Mar, 2022",,,
65346,Ka: Keepers &amp; Assassins Playtest,2300550.0,0.0,False,,,,,,,True,False,False,,,,,,"30 Jan, 2023",,,
65467,Age of Mythology: Retold Playtest,3115590.0,0.0,False,,,,,,,True,False,False,,,,,,"23 Jul, 2024",,,
65478,五行乱斗 Playtest,3697970.0,0.0,False,,,,,,,True,False,False,,,,,,"30 Apr, 2025",,,
65510,Car Mechanic Shop Simulator Playtest,3401020.0,0.0,False,,,,,,,True,False,False,,,,,,,,,
65552,Spellomancer Playtest,3575620.0,0.0,False,,,,,,,True,False,False,,,,,,"3 Apr, 2025",,,
65814,Idle Stellar Playtest,2688920.0,0.0,False,,,,,,,True,False,False,,,,,,"15 Nov, 2023",,,
65823,Sanguivore Playtest,2585300.0,0.0,False,,,,,,,True,False,False,,,,,,"18 Nov, 2023",,,
65851,Dogs Club Playtest,2652150.0,0.0,False,,,,,,,True,False,False,,,,,,"9 Nov, 2023",,,
65908,Argonauts Path Playtest,3126510.0,0.0,False,,,,,,,True,False,False,,,,,,"17 Sep, 2024",,,
65967,Naau: The Lost Eye Playtest,1516020.0,0.0,False,,,,,,,True,False,False,,VR Only,,,,"9 Jan, 2021",,,
66053,APICO Playtest,1736930.0,0.0,False,,,,,,,True,False,False,,,,,,"22 Nov, 2021",,,
66144,Software Company Playtest,1844480.0,0.0,False,,,,,,,True,False,False,,,,,,"8 Feb, 2022",,,
66174,Liminality Playtest,2929610.0,0.0,False,,,,,,,True,False,False,,,,,,"13 Jun, 2024",,,
66224,Project TERRA Playtest,2713840.0,0.0,False,,,,,,,True,False,False,,,,,,"27 Feb, 2024",,,
66323,Ruins of Majika Playtest,2689050.0,0.0,False,,,,,,,True,False,False,,,,,,"10 Nov, 2023",,,
66396,Chess Ultimate Playtest,2580090.0,0.0,False,,,,,,,True,False,False,,,,,,"20 Sep, 2023",,,
66417,Lorne Playtest,2692850.0,0.0,False,,,,,,,True,False,False,,,,,,"14 Nov, 2023",,,
66477,Prison Architect Playtest,1521270.0,0.0,False,,,,,,,True,False,False,,,,,,"25 Jan, 2021",,,
66529,S.E.N.S.E. Playtest,1625920.0,0.0,False,,,,,,,True,False,False,,,,,,"9 May, 2021",,,
66570,Haunted Lands Playtest,3493080.0,0.0,False,,,,,,,True,False,False,,,,,,"16 Mar, 2025",,,
66582,Journey Up Playtest,3357610.0,0.0,False,,,,,,,True,False,False,,VR Supported,,,,"29 Nov, 2024",,,
66686,Beku Playtest,1938650.0,0.0,False,,,,,,,True,False,False,,,,,,"1 Apr, 2022",,,
66707,SUPER PEOPLE Playtest,3728160.0,0.0,False,,,,,,,True,False,False,,,,,,"18 Jun, 2025",,,
66708,Masterplan Tycoon Playtest,2294190.0,0.0,False,,,,,,,True,False,False,,,,,,"20 Feb, 2023",,,
66742,We Could Be Heroes Playtest,2910680.0,0.0,False,,,,,,,True,False,False,,,,,,"17 Apr, 2024",,,
66975,Stellar Raiders Playtest,3770280.0,0.0,False,,,,,,,True,False,False,,,,,,"15 Jul, 2025",,,
66978,The World of Nifty Craft Playtest,2545190.0,0.0,False,,,,,,,True,False,False,,,,,,"19 Jan, 2024",,,
67018,Thrice Cursed Playtest,3241160.0,0.0,False,,,,,,,True,False,False,,Full controller support,,,,"20 Sep, 2024",,,
67060,The Last Flame Playtest,2254480.0,0.0,False,,,,,,,True,False,False,,,,,,"19 Dec, 2022",,,
67068,Platonic Solids Playtest,3604740.0,0.0,False,,,,,,,True,False,False,,,,,,"16 Apr, 2025",,,
67185,Unnatural Worlds Playtest,2788320.0,0.0,False,,,,,,,True,False,False,,VR Supported,,,,"24 Jan, 2024",,,
67254,轩辕传奇：轮回之沙 Playtest,3011870.0,0.0,False,,,,,,,True,False,False,,,,,,"25 Aug, 2024",,,
67266,Crown of Greed Playtest,3307510.0,0.0,False,,,,,,,True,False,False,,,,,,"5 Dec, 2024",,,
67498,Bible Puzzle Playtest,3233830.0,0.0,False,,,,,,,True,False,False,,,,,,"18 Sep, 2024",,,
67518,Do No Harm Playtest,3248830.0,0.0,False,,,,,,,True,False,False,,,,,,"3 Oct, 2024",,,
67546,Slopecrashers Playtest,1922840.0,0.0,False,,,,,,,True,False,False,,,,,,"21 Mar, 2022",,,
67648,Chester The Chest Playtest,2616870.0,0.0,False,,,,,,,True,False,False,,,,,,"30 Oct, 2023",,,
67675,Darkwater Playtest,3273560.0,0.0,False,,,,,,,True,False,False,,,,,,,,,
67686,Canvas Playtest,3239910.0,0.0,False,,,,,,,True,False,False,,,,,,"15 May, 2025",,,
67768,Quarantine Zone: The Last Check Playtest,3494970.0,0.0,False,,,,,,,True,False,False,,,,,,"11 Apr, 2025",,,
67918,BIG LOOT Playtest,3691720.0,0.0,False,,,,,,,True,False,False,,,,,,"1 May, 2025",,,
68054,The Elder Scrolls Online - Greymoor,1205430.0,17.0,False,1.0,Zenimax Online Studios,Bethesda Softworks,,,,True,True,False,,Multi-player;MMO;Steam Trading Cards;Partial Controller Support;Family Sharing,Action;Massively Multiplayer;RPG,485.0,,"26 May, 2020",,,
68057,Terra Toy Playtest,2517670.0,0.0,False,,,,,,,True,False,False,,,,,,"4 Sep, 2023",,,
68088,MIRO Playtest,2912660.0,0.0,False,,,,,,,True,False,False,,,,,,"4 Apr, 2024",,,
68096,Whispers of Ancient Stone Playtest,1880110.0,0.0,False,,,,,,,True,False,False,,,,,,"20 Jan, 2022",,,
68100,STRASHNA 2 Playtest,3023340.0,0.0,False,,,,,,,True,False,False,,,,,,"1 Jun, 2024",,,
68298,Rotwood Playtest,2451740.0,0.0,False,,,,,,,True,False,False,,,,,,"6 Dec, 2023",,,
68310,Frozenheim Playtest,2187400.0,0.0,False,,,,,,,True,False,False,,,,,,"21 Oct, 2022",,,
68409,Dustland Delivery Playtest,3054520.0,0.0,False,,,,,,,True,False,False,,,,,,"22 Oct, 2024",,,
68416,dweeMIXED: Thwee Pack Playtest,1944220.0,0.0,False,,,,,,,True,False,False,,,,,,"23 Mar, 2022",,,
68502,Dave Dave Dave Playtest,2076960.0,0.0,False,,,,,,,True,False,False,,,,,,"13 Jul, 2022",,,
68684,Zaacar Playtest,1504470.0,0.0,False,,,,,,,True,False,False,,,,,,"29 Jan, 2021",,,
68704,Hello Puppets: Midnight Show Playtest,1817960.0,0.0,False,,,,,,,True,False,False,,,,,,"16 Nov, 2021",,,
68716,SpaceKraft! Playtest,2416690.0,0.0,False,,,,,,,True,False,False,,,,,,"4 Jul, 2023",,,
68729,Agent of Veil Playtest,3732920.0,0.0,False,,,,,,,True,False,False,,,,,,"22 May, 2025",,,
68774,DeathSprint 66 Playtest,3100750.0,0.0,False,,,,,,,True,False,False,,,,,,"9 Aug, 2024",,,
69006,Warchief Playtest,1631560.0,0.0,False,,,,,,,True,False,False,,,,,,"14 May, 2021",,,
69047,Reus 2 Playtest,1953440.0,0.0,False,,,,,,,True,False,False,,,,,,"13 Dec, 2023",,,
69076,Campus Life Playtest,3659250.0,0.0,False,,,,,,,True,False,False,,,,,,"17 Jul, 2025",,,
69148,Robo Ride &amp; Glide Playtest,3356450.0,0.0,False,,,,,,,True,False,False,,,,,,"9 Aug, 2025",,,
69201,TerraTech Worlds Playtest,2321660.0,0.0,False,,,,,,,True,False,False,,,,,,"1 Feb, 2024",,,
69334,Rubber Bandits Playtest,1606430.0,0.0,False,,,,,,,True,False,False,,,,,,"26 Nov, 2021",,,
69352,Shadows of Chroma Tower Playtest,3121590.0,0.0,False,,,,,,,True,False,False,,,,,,"15 Aug, 2025",,,
69381,Airflow Playtest,3120120.0,0.0,False,,,,,,,True,False,False,,,,,9.0,"31 Mar, 2025",,,
69407,Granvir Multiplayer Playtest,2897440.0,0.0,False,,,,,,,True,False,False,,,,,,"7 Nov, 2024",,,
69423,Exot Playtest,3546920.0,0.0,False,,,,,,,True,False,False,,,,,,"26 Feb, 2025",,,
69530,Monster Hunter Wilds Beta test,3065170.0,0.0,False,,,,,,,True,False,False,,,,,,"5 Feb, 2025",,,
69581,Draw IT! Playtest,1630310.0,0.0,False,,,,,,,True,False,False,,VR Only,,,,"7 May, 2021",,,
69717,Pro Cycling Manager 2024 Playtest,2945750.0,0.0,False,,,,,,,True,False,False,,,,,,"7 May, 2024",,,
69755,Virtual Touch Screen 2 Playtest,2616350.0,0.0,False,,,,,,,True,False,False,,,,,,"27 Oct, 2023",,,
69778,Carma Playtest,1640480.0,0.0,False,,,,,,,True,False,False,,,,,,"25 May, 2021",,,
69837,Infinity: HexaDome Tactics Playtest,2597070.0,0.0,False,,,,,,,True,False,False,,,,,,"24 Jul, 2025",,,
69880,My Lovely Wife Playtest,1820150.0,0.0,False,,,,,,,True,False,False,,,,,,"22 Dec, 2021",,,
69883,Slimes - Cannon Combat Playtest,2516880.0,0.0,False,,,,,,,True,False,False,,,,,,"14 Jul, 2023",,,
69934,Clockwork Palace: Mysteries of the Mughal Mechanicum Playtest,3511910.0,0.0,False,,,,,,,True,False,False,,,,,,"10 Mar, 2025",,,
70008,CrossPlanet Playtest,1878400.0,0.0,False,,,,,,,True,False,False,,,,,,"17 Aug, 2024",,,
70033,Escape Academy Playtest,2290900.0,0.0,False,,,,,,,True,False,False,,,,,,"4 Aug, 2023",,,
70170,Prison Simulator Playtest,1655310.0,0.0,False,,,,,,,True,False,False,,,,,,"30 Aug, 2021",,,
70304,HANGRY Playtest,3363860.0,0.0,False,,,,,,,True,False,False,,Full controller support,,,,"14 Jan, 2025",,,
70380,The Last Plague: Blight Playtest,1647100.0,0.0,False,,,,,,,True,False,False,,,,,,"3 Jun, 2021",,,
70496,Mythos Party Playtest,1618190.0,0.0,False,,,,,,,True,False,False,,,,,,"21 May, 2021",,,
70544,The Riftbreaker: Multiplayer Playtest,3202020.0,0.0,False,,,,,,,True,False,False,,,,,,"5 Sep, 2024",,,
70578,Just Another Night Shift Playtest,2331190.0,0.0,False,,,,,,,True,False,False,,,,,,"13 Dec, 2023",,,
70767,Play Together Playtest,2671870.0,0.0,False,,,,,,,True,False,False,,,,,,"4 Dec, 2023",,,
70886,CozyTyper Playtest,3226200.0,0.0,False,,,,,,,True,False,False,,,,,,"17 Sep, 2024",,,
70900,FREERIDE: The Personality Test Playtest,2005650.0,0.0,False,,,,,,,True,False,False,,,,,,"24 May, 2022",,,
70927,Animation Studio Manager Playtest,1746290.0,0.0,False,,,,,,,True,False,False,,,,,,"15 Nov, 2021",,,
70985,Seal WhatTheFun Playtest,2854240.0,0.0,False,,,,,,,True,False,False,,,,,,"29 Mar, 2024",,,
71075,Hometopia Playtest,2404410.0,0.0,False,,,,,,,True,False,False,,,,,,"19 Jul, 2023",,,
71124,G9 Playtest,2275890.0,0.0,False,,,,,,,True,False,False,,,,,,"29 Mar, 2024",,,
71225,M.O.O.D.S. Playtest,1982020.0,0.0,False,,,,,,,True,False,False,,,,,,"19 Jun, 2024",,,
71227,Gods of Sand Playtest,1872630.0,0.0,False,,,,,,,True,False,False,,,,,,"12 Jan, 2022",,,
71275,Magical Magic World Playtest,1992760.0,0.0,False,,,,,,,True,False,False,,,,,,"11 Jun, 2022",,,
71290,King of Meat - PTS (Parent) Playtest,3559100.0,0.0,False,,,,,,,True,False,False,,Full controller support,,,,"17 Apr, 2025",,,
71313,Lost Twins 2 Playtest,3467940.0,0.0,False,,,,,,,True,False,False,,,,,,,,,
71343,Sky Caravan Playtest,1964110.0,0.0,False,,,,,,,True,False,False,,,,,,"20 Apr, 2022",,,
71398,The Library of Babel Playtest,2252010.0,0.0,False,,,,,,,True,False,False,,,,,,"5 Mar, 2023",,,
71596,Tiny Football Playtest,2151440.0,0.0,False,,,,,,,True,False,False,,,,,,"14 Sep, 2022",,,
71680,Scary Ferry Playtest,3819590.0,0.0,False,,,,,,,True,False,False,,,,,,"19 Jun, 2025",,,
71723,Sengoku Dynasty Playtest,2456620.0,0.0,False,,,,,,,True,False,False,,,,,,"22 Jun, 2023",,,
71766,Unyielder Playtest,2240190.0,0.0,False,,,,,,,True,False,False,,,,,,"1 Mar, 2023",,,
71823,RC Airplane Challenge Playtest,1793320.0,0.0,False,,,,,,,True,False,False,,,,,,"15 Dec, 2021",,,
71835,RippleFX Playtest,3177440.0,0.0,False,,,,,,,True,False,False,,,,,,"27 Aug, 2024",,,
71892,Battle Carnival,803140.0,0.0,False,,Zepetto,Zepetto USA,,,,True,False,False,,Multi-player;Online PvP;Family Sharing,Free To Play;Early Access,,,"26 Apr, 2018",,,
71916,Distractor Playtest,3292800.0,0.0,False,,,,,,,True,False,False,,,,,,"17 Nov, 2024",,,
72012,Red Solstice 2: Survivors Playtest,1549730.0,0.0,False,,,,,,,True,False,False,,,,,,"25 Feb, 2021",,,
72016,Down is Relative Playtest,2794320.0,0.0,False,,,,,,,True,False,False,,,,,,"22 Jan, 2024",,,
72170,Bao Bao's Cozy Laundromat Playtest,3201410.0,0.0,False,,,,,,,True,False,False,,,,,,"3 Oct, 2024",,,
72247,Driving Is Hard Playtest,3367270.0,0.0,False,,,,,,,True,False,False,,,,,,"13 Dec, 2024",,,
72248,沉沦遗迹 Playtest,1821030.0,0.0,False,,,,,,,True,False,False,,,,,,"24 Apr, 2024",,,
72288,Breaker's World Playtest,1959070.0,0.0,False,,,,,,,True,False,False,,,,,,"25 Aug, 2022",,,
72327,Plebs Playtest,2520440.0,0.0,False,,,,,,,True,False,False,,,,,,"29 Jul, 2023",,,
72418,Filthium Zero Playtest,3727450.0,0.0,False,,,,,,,True,False,False,,,,,,"12 May, 2025",,,
72433,Bonobros Playtest,2434650.0,0.0,False,,,,,,,True,False,False,,,,,,"7 Jun, 2024",,,
72444,Aquarist Playtest,1855790.0,0.0,False,,,,,,,True,False,False,,,,,,"15 Sep, 2023",,,
72481,Fish Stick Protocol Playtest,3762520.0,0.0,False,,,,,,,True,False,False,,,,,,"30 May, 2025",,,
72549,微光之镜 Playtest,2010550.0,0.0,False,,,,,,,True,False,False,,,,,,"6 Jun, 2022",,,
72634,ZomWick Playtest,2539150.0,0.0,False,,,,,,,True,False,False,,,,,,"1 Aug, 2023",,,
72729,Stellar Archipelago Playtest,3312840.0,0.0,False,,,,,,,True,False,False,,,,,,"18 Jul, 2025",,,
72831,Down To One Dedicated Server,345950.0,0.0,False,,,,,,,True,False,False,,Family Sharing,,,,"26 Jan, 2015",,,
72865,Sea of Craft Playtest,1653010.0,0.0,False,,,,,,,True,False,False,,,,,,"23 Dec, 2021",,,
72910,Lost Eidolons 2nd Beta,1769880.0,0.0,False,,,,,,,True,False,False,,,,,,"26 Apr, 2022",,,
73045,Contenders: Arena Playtest,2446140.0,0.0,False,,,,,,,True,False,False,,,,,,"9 Aug, 2023",,,
73108,Space Frontier Playtest,2696670.0,0.0,False,,,,,,,True,False,False,,,,,,"8 Dec, 2023",,,
73181,Astrumis - Survive Together Playtest,3670700.0,0.0,False,,,,,,,True,False,False,,,,,,"21 Apr, 2025",,,
73413,Wild West Dynasty Playtest,2967810.0,0.0,False,,,,,,,True,False,False,,,,,,"6 Jun, 2024",,,
73431,Regulators Playtest,2819380.0,0.0,False,,,,,,,True,False,False,,,,,,"5 Feb, 2024",,,
73441,Logicubes Playtest,1856410.0,0.0,False,,,,,,,True,False,False,,,,,,"1 Apr, 2022",,,
73501,MOBA Esport Manager 25 Playtest,3113320.0,0.0,False,,,,,,,True,False,False,,,,,,"29 Mar, 2025",,,
73514,Gem Miner TD Playtest,3748880.0,0.0,False,,,,,,,True,False,False,,,,,,"21 May, 2025",,,
73599,Minimal Crypt Playtest,1713510.0,0.0,False,,,,,,,True,False,False,,,,,,"13 Aug, 2021",,,
73639,Forsaken Lands Playtest,3285190.0,0.0,False,,,,,,,True,False,False,,,,,,"31 Oct, 2024",,,
73709,Emotions: Social MeDie Playtest,2284020.0,0.0,False,,,,,,,True,False,False,,,,,,"27 Jan, 2023",,,
73792,Bleak Faith: Forsaken Playtest,1482230.0,0.0,False,,,,,,,True,False,False,,,,,,"25 Nov, 2020",,,
73793,Dicey Chess Playtest,3303580.0,0.0,False,,,,,,,True,False,False,,,,,,"24 Oct, 2024",,,
73815,MOBILE SUIT GUNDAM BATTLE OPERATION 2　 Network Test,1692190.0,0.0,False,,,,,,,True,False,False,,,,,,"30 Mar, 2023",,,
73820,Halo 2 Anniversary MP Mod Tools - MCC,1695790.0,18.0,False,,343 Industries;Splash Damage;Ruffian Games;Bungie;Saber Interactive,,,,,True,False,False,,Single-player;Multi-player;PvP;Online PvP;LAN PvP;Co-op;Online Co-op;LAN Co-op;Cross-Platform Multiplayer;Steam Achievements;Full controller support;Steam Trading Cards;Remote Play on Phone;Remote Play on Tablet;Remote Play on TV;Family Sharing,Action,,,,,,
73942,With Me: Aquatic Time Playtest,3532120.0,0.0,False,,,,,,,True,False,False,,,,,,,,,
74015,Stuffed Playtest,1442310.0,0.0,False,,,,,,,True,False,False,,,,,,"22 Dec, 2020",,,
74068,Mean Beans Playtest,2292500.0,0.0,False,,,,,,,True,False,False,,,,,,"24 Jul, 2023",,,
74070,Hitboxer Playtest,1788820.0,0.0,False,,,,,,,True,False,False,,,,,,"26 Oct, 2021",,,
74081,Trans-Siberian Railway Simulator: Prologue Playtest,2646800.0,0.0,False,,,,,,,True,False,False,,,,,,"20 Nov, 2023",,,
74111,Samsara Playtest,1972010.0,0.0,False,,,,,,,True,False,False,,,,,,"22 Apr, 2022",,,
74146,Sentinel Point Heroes Playtest,2752200.0,0.0,False,,,,,,,True,False,False,,,,,,"26 Jan, 2024",,,
74278,Cathy Et Les Autres Playtest,3099340.0,0.0,False,,,,,,,True,False,False,,,,,,"2 Aug, 2024",,,
74304,Corgi Conquest Playtest,3748920.0,0.0,False,,,,,,,True,False,False,,,,,,"10 Jun, 2025",,,
74325,Zet Zillions Playtest,2720720.0,0.0,False,,,,,,,True,False,False,,,,,,"12 Dec, 2023",,,
74430,Summoner's Gambit Playtest,3855300.0,0.0,False,,,,,,,True,False,False,,,,,,"9 Jul, 2025",,,
74535,Urbek Playtest,1601050.0,0.0,False,,,,,,,True,False,False,,,,,,"9 Jul, 2022",,,
74555,LEMURIA playtest,1749130.0,0.0,False,,,,,,,True,False,False,,,,,,"7 Sep, 2021",,,
74606,ThanksTaking Playtest,2062470.0,0.0,False,,,,,,,True,False,False,,,,,,"23 Jun, 2022",,,
74613,Flawed Tactics Playtest,2901680.0,0.0,False,,,,,,,True,False,False,,,,,,"25 Mar, 2024",,,
74650,TypeOut Playtest,1993370.0,0.0,False,,,,,,,True,False,False,,,,,,"11 May, 2022",,,
74654,Warhammer: Vermintide Versus - Open Beta,2792380.0,0.0,False,,,,,,,True,False,False,,,,,,"16 Aug, 2024",,,
74720,ASV Soccer Playtest,3787820.0,0.0,False,,,,,,,True,False,False,,,,,,"8 Jun, 2025",,,
74788,Hauntsville Playtest,2699010.0,0.0,False,,,,,,,True,False,False,,,,,,"23 Nov, 2023",,,
74896,The Masters: Survival Playtest,1905670.0,0.0,False,,,,,,,True,False,False,,,,,,"10 Feb, 2022",,,
74897,Youlogic Playtest,2614900.0,0.0,False,,,,,,,True,False,False,,,,,,"21 Sep, 2023",,,
74955,Project Conflict Playtest,2496690.0,0.0,False,,,,,,,True,False,False,,,,,,"11 Jun, 2024",,,
75103,Batora: Lost Haven Playtest,1691580.0,0.0,False,,,,,,,True,False,False,,,,,,"15 Jul, 2021",,,
75153,Blobbton Playtest,2821900.0,0.0,False,,,,,,,True,False,False,,,,,,"6 Feb, 2024",,,
75190,God Machines Playtest,2488610.0,0.0,False,,,,,,,True,False,False,,,,,,"31 Aug, 2023",,,
75207,Ant Empire Playtest,1667020.0,0.0,False,,,,,,,True,False,False,,,,,,"22 Jun, 2021",,,
75344,Rivals 2 Playtest,2935730.0,0.0,False,,,,,,,True,False,False,,,,,,"27 Sep, 2024",,,
75407,ShatteredDivinities Playtest,3562720.0,0.0,False,,,,,,,True,False,False,,,,,,"8 Mar, 2025",,,
75413,ZaciSa: Defense of the Crayon Dimension! Playtest,2495520.0,0.0,False,,,,,,,True,False,False,,,,,,"7 Aug, 2023",,,
75511,Pelican Harbor Playtest,3005130.0,0.0,False,,,,,,,True,False,False,,,,,,"14 Sep, 2024",,,
75632,Carbox Playtest,3221250.0,0.0,False,,,,,,,True,False,False,,Full controller support,,,,"24 Dec, 2024",,,
75677,Ultimechs Pre-Season Preview - Aug. 25-28,2111880.0,0.0,False,,,,,,,True,False,False,,VR Only,,,,"16 Aug, 2022",,,
75688,Freedome Farmers Playtest,3541780.0,0.0,False,,,,,,,True,False,False,,,,,,"21 Feb, 2025",,,
75709,ITER Playtest,3348680.0,0.0,False,,,,,,,True,False,False,,,,,,"6 Aug, 2025",,,
75804,WN_RPG 1B Playtest,2953850.0,0.0,False,,,,,,,True,False,False,,,,,,"5 Apr, 2025",,,
75904,Railway Empire 2 Playtest,2161850.0,0.0,False,,,,,,,True,False,False,,,,,,"3 Apr, 2023",,,
76044,The Witcher 3 REDkit Playtest,2889630.0,0.0,False,,,,,,,True,False,False,,,,,,"16 Apr, 2024",,,
76048,Lovely Planet Remix Playtest,1786700.0,0.0,False,,,,,,,True,False,False,,,,,,"15 Oct, 2021",,,
76079,Surfpunk Playtest,3167900.0,0.0,False,,,,,,,True,False,False,,,,,,"3 Jul, 2025",,,
76112,Escape the Testing Facility Playtest,3087850.0,0.0,False,,,,,,,True,False,False,,,,,,"26 Aug, 2024",,,
76127,Duel Legends Playtest,3205700.0,0.0,False,,,,,,,True,False,False,,,,,,"5 Nov, 2024",,,
76195,Beholder 3 Playtest,1773500.0,0.0,False,,,,,,,True,False,False,,,,,,"16 Nov, 2021",,,
76240,AlexanderBall: A Countryball Tale Playtest,2131610.0,0.0,False,,,,,,,True,False,False,,,,,,"26 Sep, 2022",,,
76250,Commander Quest Playtest,3535340.0,0.0,False,,,,,,,True,False,False,,,,,,"3 Mar, 2025",,,
76275,SCP: Foundation Simulator Playtest,2876210.0,0.0,False,,,,,,,True,False,False,,,,,,"1 May, 2025",,,
76374,Exitless Playtest,3840030.0,0.0,False,,,,,,,True,False,False,,,,,,"27 Jun, 2025",,,
76526,Ritual Chamber Playtest,3659370.0,0.0,False,,,,,,,True,False,False,,,,,,"17 Apr, 2025",,,
76543,息风谷战略 Playtest,2813280.0,0.0,False,,,,,,,True,False,False,,,,,,"22 Mar, 2024",,,
76687,猛将三国 Playtest,3332890.0,0.0,False,,,,,,,True,False,False,,,,,,"2 Dec, 2024",,,
76713,LuPR: Lunar Post Recruit Playtest,1941530.0,0.0,False,,,,,,,True,False,False,,,,,,"20 Mar, 2022",,,
76751,Rushdown Revolt - Pre-Beta Testing Playtest,1625000.0,0.0,False,,,,,,,True,False,False,,,,,,"27 May, 2021",,,
76769,Vampire Clans Playtest,2564900.0,0.0,False,,,,,,,True,False,False,,,,,,"7 Nov, 2024",,,
76782,Death Trick: Double Blind Playtest,2395640.0,0.0,False,,,,,,,True,False,False,,,,,,"21 Apr, 2023",,,
76811,Pirates Outlaws 2: Heritage Playtest,3075310.0,0.0,False,,,,,,,True,False,False,,,,,,"27 Oct, 2024",,,
76825,Aurora Playtest,2163990.0,0.0,False,,,,,,,True,False,False,,,,,,"23 Sep, 2022",,,
76846,Escape from Darkness Playtest,2765830.0,0.0,False,,,,,,,True,False,False,,,,,,"8 Jan, 2024",,,
76861,The Wings of Dawn Playtest,2225930.0,0.0,False,,,,,,,True,False,False,,,,,,"23 Nov, 2022",,,
76884,TimeLost Playtest,2145240.0,0.0,False,,,,,,,True,False,False,,,,,,"24 May, 2024",,,
76945,OVIS LOOP Playtest,2277710.0,0.0,False,,,,,,,True,False,False,,,,,,"25 May, 2025",,,
76970,SHRIMP GAME Playtest,2907880.0,0.0,False,,,,,,,True,False,False,,,,,,"9 Aug, 2025",,,
77046,Greed Forest Playtest,2980310.0,0.0,False,,,,,,,True,False,False,,,,,,"16 May, 2024",,,
77070,Cool Cucumber Cricket Playtest,2849570.0,0.0,False,,,,,,,True,False,False,,,,,,"27 Feb, 2024",,,
77102,ShantyTown Playtest,3231880.0,0.0,False,,,,,,,True,False,False,,,,,,"18 Jul, 2025",,,
77136,Quiet Valley 2 Playtest,1666930.0,0.0,False,,,,,,,True,False,False,,,,,,"16 Jun, 2021",,,
77280,グレゴリーホラーショー ソウルオブローゼス Playtest,3163180.0,0.0,False,,,,,,,True,False,False,,,,,,"5 Sep, 2024",,,
77332,Angola '86 Playtest,2458750.0,0.0,False,,,,,,,True,False,False,,,,,,"6 Jun, 2023",,,
77351,8 Days Playtest,2295240.0,0.0,False,,,,,,,True,False,False,,,,,,"25 Jan, 2023",,,
77403,Feline Shenanigans Playtest,2697810.0,0.0,False,,,,,,,True,False,False,,,,,,"16 Nov, 2023",,,
77434,Ultimate Fishing Simulator 2 Playtest,1613320.0,0.0,False,,,,,,,True,False,False,,,,,,"27 Jul, 2022",,,
77441,Phantom Brigade Playtest,1983410.0,0.0,False,,,,,,,True,False,False,,,,,,"Nov 23, 2022",,,
77470,Toy Shire Playtest,3117770.0,0.0,False,,,,,,,True,False,False,,,,,,"27 Jul, 2024",,,
77499,Planet Prospector Playtest,2979060.0,0.0,False,,,,,,,True,False,False,,,,,,"19 Jul, 2024",,,
77550,DESORDRE Playtest,2359000.0,0.0,False,,,,,,,True,False,False,,,,,,"27 Mar, 2023",,,
77655,Minax Playtest,3567770.0,0.0,False,,,,,,,True,False,False,,,,,,"7 Mar, 2025",,,
77718,THE GUARDIANS Playtest,3173490.0,0.0,False,,,,,,,True,False,False,,,,,,"7 Sep, 2024",,,
77737,Vortica Playtest,3314410.0,0.0,False,,,,,,,True,False,False,,,,,,"27 Nov, 2024",,,
77787,Orcdom Playtest,3527830.0,0.0,False,,,,,,,True,False,False,,,,,,"27 Feb, 2025",,,
77836,Mandragora Playtest,3333090.0,0.0,False,,,,,,,True,False,False,,,,,,"20 Nov, 2024",,,
77851,For Your Information Playtest,2502580.0,0.0,False,,,,,,,True,False,False,,,,,,"5 Jul, 2023",,,
77896,Dinosaur Fossil Hunter - Paleontology Simulator Playtest,1802410.0,0.0,False,,,,,,,True,False,False,,,,,,"18 Feb, 2022",,,
77965,NovaX Playtest,2771960.0,0.0,False,,,,,,,True,False,False,,,,,,"9 Jan, 2024",,,
78055,Cyberscape Playtest,2246770.0,0.0,False,,,,,,,True,False,False,,,,,,"30 May, 2023",,,
78122,Black Lotus Motel Playtest,1685970.0,0.0,False,,,,,,,True,False,False,,,,,,"26 Apr, 2022",,,
78145,GUILTY GEAR -STRIVE- Playtest,2129880.0,0.0,False,,,,,,,True,False,False,,,,,,"6 Nov, 2024",,,
78172,The Crackpet Show Playtest,2107020.0,0.0,False,,,,,,,True,False,False,,,,,,"22 Aug, 2022",,,
78189,Who Run The City: Multiplayer Playtest,1974580.0,0.0,False,,,,,,,True,False,False,,,,,,"27 Apr, 2022",,,
78263,Alien Weapon Test Grounds Playtest,3234090.0,0.0,False,,,,,,,True,False,False,,,,,,"24 Jan, 2025",,,
78267,WarOS Playtest,3475310.0,0.0,False,,,,,,,True,False,False,,,,,,"31 Jan, 2025",,,
78302,Idle Guy Playtest,3797750.0,0.0,False,,,,,,,True,False,False,,,,,,"11 Jun, 2025",,,
78387,SCP Observer Playtest,2244890.0,0.0,False,,,,,,,True,False,False,,,,,,"24 Mar, 2023",,,
78587,Space Mechanic Simulator: Prologue Playtest,1896970.0,0.0,False,,,,,,,True,False,False,,,,,,"9 Jan, 2023",,,
78646,Frozen Flame Playtest,1948950.0,0.0,False,,,,,,,True,False,False,,,,,,"28 Oct, 2022",,,
78698,Marvel Contest of Champions Playtest,3173230.0,0.0,False,,,,,,,True,False,False,,Full controller support,,,,"19 Nov, 2024",,,
78942,Robo Rolo Playtest,3590730.0,0.0,False,,,,,,,True,False,False,,,,,,"12 Mar, 2025",,,
78995,Cosmic Cursor Playtest,2656430.0,0.0,False,,,,,,,True,False,False,,,,,,"15 Mar, 2024",,,
79016,Golf Club Architect Playtest,1772170.0,0.0,False,,,,,,,True,False,False,,,,,,"1 Oct, 2021",,,
79137,Ashen Knights: Foreshadow Playtest,2922420.0,0.0,False,,,,,,,True,False,False,,,,,,"12 Apr, 2024",,,
79249,Despair Place Playtest,3211760.0,0.0,False,,,,,,,True,False,False,,,,,,"12 Sep, 2024",,,
79351,窮極之門 Playtest,3298440.0,0.0,False,,,,,,,True,False,False,,,,,,"21 Oct, 2024",,,
79379,Deepest Chamber Playtest,2170010.0,0.0,False,,,,,,,True,False,False,,,,,,"29 Sep, 2022",,,
79456,Sahara Storms WWIII Playtest,2226760.0,0.0,False,,,,,,,True,False,False,,,,,,"16 Jan, 2024",,,
79488,A Totally Legal Archaeology Adventure Playtest,3568610.0,0.0,False,,,,,,,True,False,False,,,,,,"18 Mar, 2025",,,
79534,Rod of Asclepius Playtest,3858490.0,0.0,False,,,,,,,True,False,False,,,,,,"13 Jul, 2025",,,
79628,Cozy Room Decorator Playtest,2674130.0,0.0,False,,,,,,,True,False,False,,,,,,"10 Nov, 2023",,,
79672,Alaska Gold Fever Playtest,1833750.0,0.0,False,,,,,,,True,False,False,,,,,,"5 Mar, 2025",,,
79685,Ocean Punk Playtest,1900760.0,0.0,False,,,,,,,True,False,False,,,,,,"24 Nov, 2022",,,
79690,Two Strikes Playtest,2292120.0,0.0,False,,,,,,,True,False,False,,,,,,"7 Feb, 2023",,,
79891,PrisonShow Playtest,1610590.0,0.0,False,,,,,,,True,False,False,,,,,,"21 Apr, 2021",,,
79972,Lords and Villeins Playtest,1661110.0,0.0,False,,,,,,,True,False,False,,,,,,"28 Jun, 2021",,,
80058,Don't Let It Die Playtest,2965150.0,0.0,False,,,,,,,True,False,False,,,,,,"21 May, 2024",,,
80069,Bet Your Brain Playtest,2883190.0,0.0,False,,,,,,,True,False,False,,,,,,"14 Mar, 2024",,,
80151,REPLICORE Playtest,3459450.0,0.0,False,,,,,,,True,False,False,,,,,,"15 Aug, 2025",,,
80204,Poof! Cleaning Services Playtest,3693890.0,0.0,False,,,,,,,True,False,False,,,,,,"22 Jul, 2025",,,
80226,Aloft Playtest,3303850.0,0.0,False,,,,,,,True,False,False,,,,,,"6 Dec, 2024",,,
80255,Industry Idle Playtest,1815870.0,0.0,False,,,,,,,True,False,False,,,,,,"14 Dec, 2021",,,
80413,El Dorado: The Golden City Builder - Prologue Playtest,2491580.0,0.0,False,,,,,,,True,False,False,,,,,,"18 Jan, 2024",,,
80516,Club Koala Playtest,2909470.0,0.0,False,,,,,,,True,False,False,,,,,,"17 Apr, 2024",,,
80594,Project Nightmares Multiplayer Playtest,2859340.0,0.0,False,,,,,,,True,False,False,,,,,,"19 Jun, 2024",,,
80623,Laser League: World Arena Playtest,1694870.0,0.0,False,,,,,,,True,False,False,,,,,,"22 Jul, 2021",,,
80635,Rotten Apple Playtest,2342490.0,0.0,False,,,,,,,True,False,False,,VR Only,,,,"28 Apr, 2023",,,
80719,Miniland: Prologue Playtest,2287250.0,0.0,False,,,,,,,True,False,False,,,,,,"27 Feb, 2023",,,
80739,Blooming Business: Casino Playtest,2086770.0,0.0,False,,,,,,,True,False,False,,,,,,"31 Jan, 2023",,,
80954,Power to the People Playtest,1739550.0,0.0,False,,,,,,,True,False,False,,,,,,"29 Nov, 2021",,,
80991,Cosmic Clash Playtest,2755560.0,0.0,False,,,,,,,True,False,False,,,,,,"12 Jan, 2024",,,
81070,Yami RPG Editor Playtest,2248410.0,0.0,False,,,,,,,True,False,False,,,,,,"14 Dec, 2022",,,
81128,Okubi Playtest,2134190.0,0.0,False,,,,,,,True,False,False,,,,,,"4 Aug, 2025",,,
81164,Spirits of Baciu - Prologue Playtest,2176820.0,0.0,False,,,,,,,True,False,False,,,,,,"7 Oct, 2022",,,
81338,MORTARMEN Playtest,2129930.0,0.0,False,,,,,,,True,False,False,,,,,,"23 Aug, 2023",,,
81349,衔尾：龙之铃 Playtest,2126150.0,0.0,False,,,,,,,True,False,False,,,,,,"11 Jan, 2024",,,
81350,Malmyr Playtest,1744240.0,0.0,False,,,,,,,True,False,False,,,,,,"1 Sep, 2021",,,
81395,VEGA Conflict Playtest,1686140.0,0.0,False,,,,,,,True,False,False,,,,,,"4 Apr, 2023",,,
81452,Saturated Outer Space Playtest,1627380.0,0.0,False,,,,,,,True,False,False,,,,,,"7 Jul, 2021",,,
81466,Spell Disk Playtest,2439400.0,0.0,False,,,,,,,True,False,False,,,,,,"26 May, 2023",,,
81522,Endzone 2 Playtest,3112780.0,0.0,False,,,,,,,True,False,False,,,,,,"16 Aug, 2024",,,
81621,进击之钢 Playtest,3443920.0,0.0,False,,,,,,,True,False,False,,,,,,,,,
81644,Motordoom Playtest,2248370.0,0.0,False,,,,,,,True,False,False,,,,,,"15 Dec, 2022",,,
81731,Aka Playtest,2090610.0,0.0,False,,,,,,,True,False,False,,,,,,"17 Aug, 2022",,,
81932,The Outlast Trials Playtest,2126550.0,0.0,False,,,,,,,True,False,False,,,,,,"28 Oct, 2022",,,
81988,"Warhammer 40,000: Speed Freeks Open Beta",2419650.0,0.0,False,,,,,,,True,False,False,,,,,,"23 May, 2024",,,
81992,B1 Playtest,2848710.0,0.0,False,,,,,,,True,False,False,,,,,,"28 Feb, 2024",,,
82103,Cubic Cosmos Playtest,3555020.0,0.0,False,,,,,,,True,False,False,,,,,,"6 Mar, 2025",,,
82142,赵云传重制版 Playtest,2247170.0,0.0,False,,,,,,,True,False,False,,,,,,"21 Feb, 2023",,,
82163,Neon Runners Playtest,2821300.0,0.0,False,,,,,,,True,False,False,,,,,,,,,
82235,Damashi Game Playtest,3326750.0,0.0,False,,,,,,,True,False,False,,,,,,"9 Nov, 2024",,,
82323,Hexitten Playtest,3677980.0,0.0,False,,,,,,,True,False,False,,,,,,"24 Apr, 2025",,,
82374,Hydroplane: Riptide Racers Playtest,2788050.0,0.0,False,,,,,,,True,False,False,,,,,,"24 Jan, 2024",,,
82446,Procrastinaut Playtest,2631840.0,0.0,False,,,,,,,True,False,False,,,,,,"3 Oct, 2023",,,
82459,The First Descendant Final Technical Test,2074930.0,0.0,False,,,,,,,True,False,False,,Full controller support,,,,"23 May, 2024",,,
82514,Outworlder Playtest,1592890.0,0.0,False,,,,,,,True,False,False,,,,,,"1 Apr, 2021",,,
82554,Rogue Rollout Playtest,3069510.0,0.0,False,,,,,,,True,False,False,,,,,,"26 Jun, 2024",,,
82633,Strinova Playtest,1849610.0,0.0,False,,,,,,,True,False,False,,,,,,"12 Jun, 2024",,,
82686,种呱得呱 Playtest,3420310.0,0.0,False,,,,,,,True,False,False,,,,,,"7 May, 2025",,,
82735,Forgery Craft Playtest,3012940.0,0.0,False,,,,,,,True,False,False,,,,,,"27 Feb, 2025",,,
82830,Patron Playtest,1687970.0,0.0,False,,,,,,,True,False,False,,,,,,"17 Jul, 2021",,,
82962,Gates of Devoroth Playtest,1834650.0,0.0,False,,,,,,,True,False,False,,,,,,"29 Nov, 2021",,,
83003,Temporian Playtest,2330540.0,0.0,False,,,,,,,True,False,False,,,,,,"22 Feb, 2023",,,
83034,拖拖拉拉小菲镇 Playtest,3223440.0,0.0,False,,,,,,,True,False,False,,,,,,"3 Dec, 2024",,,
83035,HEAT REBORN 火線特戰隊 Playtest,1523440.0,0.0,False,,,,,,,True,False,False,,,,,,"7 Feb, 2021",,,
83070,BLACK STIGMA Playtest,2067830.0,0.0,False,,,,,,,True,False,False,,,,,,"17 Jul, 2024",,,
83090,Star Ores Inc. Playtest,3761190.0,0.0,False,,,,,,,True,False,False,,,,,,"14 Jul, 2025",,,
83144,Back To The Collis Playtest,3486580.0,0.0,False,,,,,,,True,False,False,,,,,,"19 Feb, 2025",,,
83169,Hades-Plan Playtest,3305290.0,0.0,False,,,,,,,True,False,False,,,,,,"17 Dec, 2024",,,
83279,scuffed Playtest,1971990.0,0.0,False,,,,,,,True,False,False,,,,,,"29 Apr, 2022",,,
83312,Revive & Prosper Playtest,2421960.0,0.0,False,,,,,,,True,False,False,,,,,,"29 Nov, 2023",,,
83369,Contraband Police Playtest,2013110.0,0.0,False,,,,,,,True,False,False,,,,,,"15 Mar, 2024",,,
83486,Expedition: Into Darkness Playtest,3616590.0,0.0,False,,,,,,,True,False,False,,,,,,"22 Jun, 2025",,,
83530,Undisputed Online Beta,2155120.0,0.0,False,,,,,,,True,False,False,,,,,,"9 Dec, 2022",,,
83548,Search for Surf Playtest,1767800.0,0.0,False,,,,,,,True,False,False,,,,,,"18 Jan, 2023",,,
83568,Panda Push Playtest,1630930.0,0.0,False,,,,,,,True,False,False,,,,,,"14 May, 2021",,,
83635,Z-Factor Playtest,3053670.0,0.0,False,,,,,,,True,False,False,,,,,,"19 Jun, 2024",,,
83652,Warlords: Under Siege Playtest,2212370.0,0.0,False,,,,,,,True,False,False,,,,,,"11 Nov, 2022",,,
83667,ESCAPE Playtest,3770350.0,0.0,False,,,,,,,True,False,False,,,,,,"30 May, 2025",,,
83711,Tile Deck TD (TD;TD) Playtest,2337750.0,0.0,False,,,,,,,True,False,False,,,,,,"19 Apr, 2023",,,
83913,Goobies Playtest,2385010.0,0.0,False,,Knifes,,,,,True,False,False,,Single-player;Steam Achievements;Full controller support,Action;Casual;Indie;RPG;Strategy,,,,,,
83947,Bounty Brawl: Most Wanted Playtest,3216710.0,0.0,False,,,,,,,True,False,False,,,,,,"18 Nov, 2024",,,
84096,Plant Gallery: A Short Botanic Experience Playtest,2547270.0,0.0,False,,,,,,,True,False,False,,,,,,"13 Aug, 2023",,,
84101,Commando Hero 2 : First Blood Playtest,2912410.0,0.0,False,,,,,,,True,False,False,,,,,,"13 Apr, 2024",,,
84323,"Run, Doodleguy! Playtest",1684260.0,0.0,False,,,,,,,True,False,False,,,,,,"29 Sep, 2021",,,
84333,Shadow Eclipse Playtest,1679970.0,0.0,False,,,,,,,True,False,False,,,,,,"1 Jul, 2021",,,
84446,我的动物公司 Playtest,3649810.0,0.0,False,,,,,,,True,False,False,,,,,,"29 May, 2025",,,
84548,March of Empires Playtest,3374690.0,0.0,False,,,,,,,True,False,False,,,,,,"10 Dec, 2024",,,
84657,Kingdom Incremental Playtest,2487630.0,0.0,False,,,,,,,True,False,False,,,,,,"28 Jun, 2023",,,
84670,Revenge of the Mage Playtest,3363340.0,0.0,False,,,,,,,True,False,False,,,,,,"26 Nov, 2024",,,
84918,Infested Fortress Playtest,2273670.0,0.0,False,,,,,,,True,False,False,,,,,,"23 Jan, 2023",,,
84963,OpenDraft Playtest,3391360.0,0.0,False,,,,,,,True,False,False,,,,,,"9 Dec, 2024",,,
84968,Samurai Zero Playtest,1617490.0,0.0,False,,,,,,,True,False,False,,,,,,"25 Jun, 2021",,,
84973,The Backrooms: Forsaken Playtest,3545520.0,0.0,False,,,,,,,True,False,False,,,,,,"28 Feb, 2025",,,
85010,Rogue Rhythm Playtest,3093550.0,0.0,False,,,,,,,True,False,False,,,,,,"20 Oct, 2024",,,
85101,Cook For Love Playtest,3088450.0,0.0,False,,,,,,,True,False,False,,,,,,"22 Jul, 2024",,,
85167,Pocket Bravery Playtest,1630850.0,0.0,False,,,,,,,True,False,False,,,,,,"23 Sep, 2021",,,
85170,GAZZLERS Playtest,2270090.0,0.0,False,,,,,,,True,False,False,,VR Only,,,,"17 Jan, 2023",,,
85243,Tower3DMove Playtest,1751090.0,0.0,False,,,,,,,True,False,False,,,,,,"13 Sep, 2021",,,
85280,Horus: Desert Survivor Playtest,3541020.0,0.0,False,,,,,,,True,False,False,,,,,,"18 Apr, 2025",,,
85324,BAA! Never Stop Bleating Playtest,2877130.0,0.0,False,,,,,,,True,False,False,,,,,,"14 Sep, 2024",,,
85526,Thunder Tier One Playtest,1472130.0,0.0,False,,,,,,,True,False,False,,,,,,"29 Jul, 2021",,,
85595,幻想乡之玉 Playtest,2319510.0,0.0,False,,,,,,,True,False,False,,,,,,"31 Aug, 2023",,,
85618,A Planet of Mine MasterMine Edition Playtest,3634740.0,0.0,False,,,,,,,True,False,False,,,,,,"7 Apr, 2025",,,
85631,Chernobylite 2: Exclusion Zone Playtest,3527860.0,0.0,False,,,,,,,True,False,False,,,,,,"18 Feb, 2025",,,
85700,Lumencraft Playtest,1906060.0,0.0,False,,,,,,,True,False,False,,,,,,"14 Feb, 2022",,,
85715,Fire Commander Playtest,1931840.0,0.0,False,,,,,,,True,False,False,,,,,,"31 Mar, 2022",,,
85831,Touch Type Tale - Strategic Typing Playtest,3155890.0,0.0,False,,,,,,,True,False,False,,,,,,"12 Aug, 2024",,,
85836,Mega City Police Playtest,2328820.0,0.0,False,,,,,,,True,False,False,,,,,,"5 Apr, 2023",,,
85839,The Lost Playtest,2192310.0,0.0,False,,,,,,,True,False,False,,,,,,"6 Aug, 2025",,,
86009,ONAR Playtest,2096100.0,0.0,False,,,,,,,True,False,False,,,,,,"22 Jul, 2022",,,
86122,BreakBall Playtest,3160600.0,0.0,False,,,,,,,True,False,False,,,,,,"13 Aug, 2024",,,
86179,太古试炼 Playtest,2307490.0,0.0,False,,,,,,,True,False,False,,,,,,"21 Feb, 2023",,,
86195,VELASTER Playtest,3384200.0,0.0,False,,,,,,,True,False,False,,,,,,"8 Dec, 2024",,,
86196,ZIRQUITZ Playtest,3462310.0,0.0,False,,,,,,,True,False,False,,,,,,"21 Jan, 2025",,,
86274,Sweet Dreams Dahlia Playtest,2611810.0,0.0,False,,,,,,,True,False,False,,,,,,"21 Sep, 2023",,,
86282,Excidio the Kaiju Simulator Playtest,2444410.0,0.0,False,,,,,,,True,False,False,,,,,,"23 May, 2023",,,
86310,Qorena - Foresight,1613820.0,0.0,False,,,,,,,True,False,False,,,,,,"6 May, 2021",,,
86320,Function Playtest,1614670.0,0.0,False,,,,,,,True,False,False,,VR Only,,,,"19 May, 2021",,,
86377,Eyes of Hellfire Playtest,3724860.0,0.0,False,,,,,,,True,False,False,,,,,,"30 Jul, 2025",,,
86387,密约:重启 Playtest,3510620.0,0.0,False,,,,,,,True,False,False,,,,,,"25 Feb, 2025",,,
86406,Wildlife Matters Playtest,2710930.0,0.0,False,,,,,,,True,False,False,,,,,,"2 Dec, 2023",,,
86424,Build Lands Playtest,1964230.0,0.0,False,,,,,,,True,False,False,,,,,,"20 Apr, 2022",,,
86526,Who Did It? Playtest,2725790.0,0.0,False,,,,,,,True,False,False,,,,,,"6 Feb, 2024",,,
86556,The Lady Puppet Playtest,1615450.0,0.0,False,,,,,,,True,False,False,,,,,,"30 Apr, 2021",,,
86647,霸王骰 Playtest,2143490.0,0.0,False,,,,,,,True,False,False,,,,,,"28 Sep, 2022",,,
86761,Necroking Playtest,2920320.0,0.0,False,,,,,,,True,False,False,,,,,,"23 Apr, 2024",,,
86775,Couplinked Playtest,1613290.0,0.0,False,,,,,,,True,False,False,,,,,,"22 Apr, 2021",,,
86836,TROLEU Playtest,3664290.0,0.0,False,,,,,,,True,False,False,,,,,,"24 Apr, 2025",,,
86899,Dr. Alb's Prodigy Playtest,3370280.0,0.0,False,,,,,,,True,False,False,,,,,,"18 Dec, 2024",,,
86917,E-Startup 2 : Business Tycoon Playtest,2779830.0,0.0,False,,,,,,,True,False,False,,,,,,"13 Jan, 2024",,,
86926,From Fire Emergence Playtest,3234710.0,0.0,False,,,,,,,True,False,False,,,,,,"1 Oct, 2024",,,
87017,Duelyst II Playtest,2124580.0,0.0,False,,,,,,,True,False,False,,,,,,"19 Aug, 2022",,,
87072,Mega Hero Playtest,2546490.0,0.0,False,,,,,,,True,False,False,,,,,,"1 Sep, 2023",,,
87103,StrangeDream Playtest,3818360.0,0.0,False,,,,,,,True,False,False,,,,,,"20 Jun, 2025",,,
87175,Saddle Up and Drive Playtest,2917670.0,0.0,False,,,,,,,True,False,False,,,,,,"28 May, 2024",,,
87209,Tap Derby Playtest,3382630.0,0.0,False,,,,,,,True,False,False,,,,,,"6 Jan, 2025",,,
87236,Dawn Apart Playtest,3260690.0,0.0,False,,,,,,,True,False,False,,,,,,"27 Jan, 2025",,,
87238,Coal Mining Simulator Playtest,1829280.0,0.0,False,,,,,,,True,False,False,,,,,,"20 Dec, 2021",,,
87251,Tribble Troubles Playtest,1558170.0,0.0,False,,,,,,,True,False,False,,,,,,"26 Feb, 2021",,,
87327,Grey Galactic Playtest,2722890.0,0.0,False,,,,,,,True,False,False,,,,,,"2 Jul, 2024",,,
87418,My Horse: Bonded Spirits Playtest,2611340.0,0.0,False,,,,,,,True,False,False,,,,,,"2 Oct, 2023",,,
87533,Car Manufacture Playtest,1902370.0,0.0,False,,,,,,,True,False,False,,,,,,"19 Jan, 2024",,,
87546,Home VR Playtest,1898470.0,0.0,False,,,,,,,True,False,False,,VR Only,,,,"11 Feb, 2022",,,
87572,Thorgard Playtest,2878530.0,0.0,False,,,,,,,True,False,False,,,,,,"8 Mar, 2024",,,
87745,MekaFighters Playtest,1618270.0,0.0,False,,,,,,,True,False,False,,,,,,"21 May, 2021",,,
87792,Media Player Playtest,2682920.0,0.0,False,,,,,,,True,False,False,,,,,,"5 Feb, 2024",,,
87822,Hidden Bloodhunt Playtest,3327890.0,0.0,False,,,,,,,True,False,False,,,,,,"6 Dec, 2024",,,
87890,Heist Simulator Playtest,1694210.0,0.0,False,,,,,,,True,False,False,,,,,,"22 Jul, 2021",,,
87973,Southfield Closed Beta,2959940.0,0.0,False,,,,,,,True,False,False,,,,,,"21 May, 2024",,,
88093,Kalahari’s End Playtest,3376660.0,0.0,False,,,,,,,True,False,False,,,,,,"29 Nov, 2024",,,
88134,Stellaris Nexus Playtest,2723680.0,0.0,False,,,,,,,True,False,False,,,,,,"5 Dec, 2023",,,
88136,Quarterstaff Playtest,2213790.0,0.0,False,,,,,,,True,False,False,,,,,,"2 Dec, 2022",,,
88162,Indy Pro '22: Rebirth of the Territories Playtest,1895060.0,0.0,False,,,,,,,True,False,False,,,,,,"17 Feb, 2022",,,
88181,Cardinal Sequence Playtest,3366100.0,0.0,False,,,,,,,True,False,False,,,,,,"24 Nov, 2024",,,
88193,Enchanted Blacksmith Playtest,2461930.0,0.0,False,,,,,,,True,False,False,,,,,,"5 Jun, 2023",,,
88340,车辆对战僵尸 Playtest,2368920.0,0.0,False,,,,,,,True,False,False,,,,,,"22 Mar, 2023",,,
88343,Perseus: Titan Slayer Playtest,2269560.0,0.0,False,,,,,,,True,False,False,,,,,,"13 Jan, 2023",,,
88396,Aeruta Playtest,2741910.0,0.0,False,,,,,,,True,False,False,,,,,,"21 Jul, 2025",,,
88429,Luminas: Parasite Reign Playtest,3820660.0,0.0,False,,,,,,,True,False,False,,,,,,"8 Jul, 2025",,,
88468,Runeborn Playtest,3158420.0,0.0,False,,,,,,,True,False,False,,,,,,"21 Oct, 2024",,,
88474,StarCrawlers Chimera Playtest,1613540.0,0.0,False,,,,,,,True,False,False,,,,,,"21 May, 2021",,,
88488,Dungeon Slayer Playtest,1616560.0,0.0,False,,,,,,,True,False,False,,,,,,"26 Apr, 2021",,,
88504,Ember the Werefox Playtest,2601970.0,0.0,False,,,,,,,True,False,False,,,,,,"18 Sep, 2023",,,
88662,Sherlock Holmes Consulting Detective: The Case of Banker's Final Debt Playtest,2440740.0,0.0,False,,,,,,,True,False,False,,,,,,"22 Jun, 2023",,,
88669,Delivery INC Playtest,2360400.0,0.0,False,,,,,,,True,False,False,,,,,,"27 Mar, 2023",,,
88677,Redlight Playtest,2924060.0,0.0,False,,,,,,,True,False,False,,,,,,"5 Apr, 2024",,,
88773,The Czar is Dead 2 Playtest,3291420.0,0.0,False,,,,,,,True,False,False,,,,,,"18 Oct, 2024",,,
88919,Every Day We Fight Playtest,1911950.0,0.0,False,,,,,,,True,False,False,,,,,,"27 Aug, 2023",,,
88926,Airship: Kingdoms Adrift Playtest,1625040.0,0.0,False,,,,,,,True,False,False,,,,,,"9 Aug, 2021",,,
88986,Tournament of Armistice: Preliminaries Playtest,1770740.0,0.0,False,,,,,,,True,False,False,,,,,,"30 Sep, 2021",,,
89099,Wedgie Simulator Playtest,1953050.0,0.0,False,,,,,,,True,False,False,,,,,,"6 Dec, 2023",,,
89106,Find or be Found Playtest,3376490.0,0.0,False,,,,,,,True,False,False,,,,,,"16 Apr, 2025",,,
89164,Colorless Playtest,2249740.0,0.0,False,,,,,,,True,False,False,,,,,,"19 Dec, 2022",,,
89184,Reclamation Playtest,3527000.0,0.0,False,,,,,,,True,False,False,,,,,,"26 Feb, 2025",,,
89212,Youmandriver Playtest,2017680.0,0.0,False,,,,,,,True,False,False,,,,,,"9 Jun, 2022",,,
89228,From Rust Playtest,1469990.0,0.0,False,,,,,,,True,False,False,,,,,,"22 Feb, 2021",,,
89315,Helen Playtest,3015990.0,0.0,False,,,,,,,True,False,False,,,,,,"28 May, 2024",,,
89364,Realms VR Playtest,1654760.0,0.0,False,,,,,,,True,False,False,,VR Only,,,,"2 Jun, 2021",,,
89437,华夏史诗：战国 Playtest,2658700.0,0.0,False,,,,,,,True,False,False,,,,,,"11 Jun, 2025",,,
89445,Chorus of Carcosa Playtest,3179410.0,0.0,False,,,,,,,True,False,False,,,,,,"23 Aug, 2024",,,
89606,PathBlasters Playtest,2697120.0,0.0,False,,,,,,,True,False,False,,,,,,"19 Mar, 2024",,,
89792,Blinding Light Playtest,2780020.0,0.0,False,,,,,,,True,False,False,,,,,,"27 Jan, 2024",,,
89889,Michelangelo: Stonemason Simulator Playtest,3592700.0,0.0,False,,,,,,,True,False,False,,,,,,"2 May, 2025",,,
89947,Bitmagic Playtest,2905480.0,0.0,False,,,,,,,True,False,False,,,,,,"3 Apr, 2024",,,
89982,虛境狂潮-異域交匯 Playtest,3627230.0,0.0,False,,,,,,,True,False,False,,,,,,"31 Mar, 2025",,,
89986,OMG Words Playtest,2935450.0,0.0,False,,,,,,,True,False,False,,,,,,"14 Apr, 2024",,,
90119,SWORD ART ONLINE Fractured Daydream Playtest,2654250.0,0.0,False,,,,,,,True,False,False,,,,,,"18 Sep, 2024",,,
90145,The Scouring Playtest,3388310.0,0.0,False,,,,,,,True,False,False,,,,,,"1 May, 2025",,,
90185,SHADOW WAR Playtest,3026520.0,0.0,False,,,,,,,True,False,False,,,,,,"28 Mar, 2025",,,
90269,启蜇 Playtest,1735620.0,0.0,False,,,,,,,True,False,False,,,,,,"26 Oct, 2021",,,
90430,Suicide Squad: Kill the Justice League Playtest,1940210.0,0.0,False,,,,,,,True,False,False,,,,,,"6 Dec, 2024",,,
90436,Buggy Game Playtest,1862090.0,0.0,False,,,,,,,True,False,False,,,,,,"31 Dec, 2021",,,
90449,Rocket delivery: Space Wok Playtest,3596150.0,0.0,False,,,,,,,True,False,False,,,,,,"17 Mar, 2025",,,
90468,Simple Clicker Playtest,3489530.0,0.0,False,,,,,,,True,False,False,,,,,,"5 Mar, 2025",,,
90475,Project Zero Playtest,2258030.0,0.0,False,,,,,,,True,False,False,,,,,,"27 Jan, 2023",,,
90515,Beagle Playtest,1962780.0,0.0,False,,,,,,,True,False,False,,,,,,"19 Jul, 2025",,,
90524,Catrophy Trail Playtest,2316990.0,0.0,False,,,,,,,True,False,False,,,,,,"6 May, 2023",,,
90584,Anomaly Runner Playtest,3677210.0,0.0,False,,,,,,,True,False,False,,VR Supported,,,,"23 Apr, 2025",,,
90618,Ninja Monkey Playtest,3099110.0,0.0,False,,,,,,,True,False,False,,,,,,"10 Jul, 2024",,,
90631,Echoes of Mystralia Playtest,3255130.0,0.0,False,,,,,,,True,False,False,,,,,,"3 Feb, 2025",,,
90688,Forecursed Playtest,3059370.0,0.0,False,,,,,,,True,False,False,,,,,,"8 Feb, 2025",,,
90748,Mighty Knight Legacy Playtest,2782720.0,0.0,False,,,,,,,True,False,False,,,,,,"17 Jan, 2024",,,
90765,Chicken Done Playtest,2663730.0,0.0,False,,,,,,,True,False,False,,,,,,"25 Oct, 2023",,,
90787,Deadly Delivery Playtest,3792720.0,0.0,False,,,,,,,True,False,False,,VR Only,,,,"20 Jun, 2025",,,
90794,Rogue Shift Playtest,1513380.0,0.0,False,,,,,,,True,False,False,,,,,,"11 Aug, 2021",,,
90845,Voice Visualizer Playtest,1737900.0,0.0,False,,,,,,,True,False,False,,,,,,"1 Sep, 2021",,,
90867,Vuntra City Playtest,3421990.0,0.0,False,,,,,,,True,False,False,,VR Supported,,,,"3 Feb, 2025",,,
90873,Godsbane Playtest,1613500.0,0.0,False,,,,,,,True,False,False,,,,,,"11 Oct, 2021",,,
90905,CrossOver: Roll For Initiative Playtest,2017930.0,0.0,False,,,,,,,True,False,False,,,,,,"21 Jun, 2022",,,
90942,Brawl Tactics: Origins Playtest,2486350.0,0.0,False,,,,,,,True,False,False,,,,,,"26 Jun, 2023",,,
90955,Lost in Nowhere Playtest,2679290.0,0.0,False,,,,,,,True,False,False,,,,,,"3 Nov, 2023",,,
90964,Barbaric Fury Playtest,2224970.0,0.0,False,,,,,,,True,False,False,,,,,,"22 Mar, 2024",,,
90991,One Last Toast Playtest,3643620.0,0.0,False,,,,,,,True,False,False,,,,,,"24 Apr, 2025",,,
91132,铁路逃亡者 Playtest,2629700.0,0.0,False,,,,,,,True,False,False,,,,,,"5 Oct, 2023",,,
91151,Uncle Chop's Rocket Shop Playtest,2518400.0,0.0,False,,,,,,,True,False,False,,,,,,"24 Apr, 2024",,,
91155,Nordic Ashes Playtest,2221180.0,0.0,False,,,,,,,True,False,False,,,,,,"17 Nov, 2022",,,
91160,Tits and Shadows Playtest,2419320.0,0.0,False,,,,,,,True,False,False,,,,,,"17 Jun, 2023",,,
91210,Split Personality Doctor Playtest,2445320.0,0.0,False,,,,,,,True,False,False,,,,,,"17 Nov, 2023",,,
91296,SYNDUALITY Echo of Ada Playtest,2790800.0,0.0,False,,,,,,,True,False,False,,,,,,"10 Dec, 2024",,,
91315,Havendock Playtest,2308880.0,0.0,False,,,,,,,True,False,False,,,,,,"13 Feb, 2023",,,
91359,Wyrd Waters Playtest,3397740.0,0.0,False,,,,,,,True,False,False,,,,,,"13 Dec, 2024",,,
91381,Yet Another Zombie Survivors Playtest,2281990.0,0.0,False,,,,,,,True,False,False,,,,,,"19 Jan, 2023",,,
91487,血之诗: 月之蚀 Playtest,2524510.0,0.0,False,,,,,,,True,False,False,,,,,,"5 Dec, 2023",,,
91594,Dawnfolk Playtest,2468980.0,0.0,False,,,,,,,True,False,False,,,,,,"19 Jan, 2025",,,
91629,Tichu Playtest,1685120.0,0.0,False,,,,,,,True,False,False,,,,,,"7 Jul, 2021",,,
91683,Ash & Rust Playtest,1890290.0,0.0,False,,,,,,,True,False,False,,,,,,"14 Mar, 2022",,,
91695,UFL Playtest,3546520.0,0.0,False,,,,,,,True,False,False,,Full controller support,,,,,,,
91751,Project Harlock Playtest,1888340.0,0.0,False,,,,,,,True,False,False,,,,,,"6 Sep, 2022",,,
91804,Pretty Sweet! Healing Guardian Playtest,3514870.0,0.0,False,,,,,,,True,False,False,,,,,,"15 Apr, 2025",,,
91822,INFINITE CHUMP Playtest,3733460.0,0.0,False,,,,,,,True,False,False,,,,,,"16 May, 2025",,,
91831,HAWKED | Playtest,2193440.0,0.0,False,,,,,,,True,False,False,,,,,,"9 May, 2024",,,
91856,Pumpkins Playtest,1736960.0,0.0,False,,,,,,,True,False,False,,,,,,"27 Aug, 2021",,,
91878,Pumpkin Woods Playtest,3235050.0,0.0,False,,,,,,,True,False,False,,,,,,"26 Apr, 2025",,,
91897,WhatRogue：Exile Land Playtest,3168900.0,0.0,False,,,,,,,True,False,False,,,,,,"2 Sep, 2024",,,
91918,Luna Abyss Playtest,2403530.0,0.0,False,,,,,,,True,False,False,,,,,,"2 May, 2023",,,
92007,Click Mage Playtest,3318520.0,0.0,False,,,,,,,True,False,False,,,,,,"5 Nov, 2024",,,
92011,,,,,,,,,,,,,,,,,,,,-1.0,,
92303,Chess! Playtest,2491650.0,0.0,False,,,,,,,True,False,False,,,,,,"27 Jun, 2023",,,
92320,GrandChase Playtest,1677470.0,0.0,False,,,,,,,True,False,False,,,,,,"13 Jul, 2021",,,
92321,Cannonball Crew - Playtest,1800460.0,0.0,False,,,,,,,True,False,False,,,,,,"21 Nov, 2024",,,
92357,烹之道 Playtest,2887570.0,0.0,False,,,,,,,True,False,False,,,,,,"20 Mar, 2024",,,
92377,Forgotten Journey Playtest,2468080.0,0.0,False,,,,,,,True,False,False,,,,,,"9 Jun, 2023",,,
92485,Hermea Playtest,2023480.0,0.0,False,,,,,,,True,False,False,,,,,,"18 Jun, 2022",,,
92494,MiniRoyale Playtest,2023760.0,0.0,False,,,,,,,True,False,False,,,,,,"15 Jul, 2022",,,
92508,Insect Adventure Playtest,2537740.0,0.0,False,,,,,,,True,False,False,,,,,,"31 Jul, 2023",,,
92598,Rue Valley Playtest,3280740.0,0.0,False,,,,,,,True,False,False,,,,,,"14 Nov, 2024",,,
92810,Vesmír nezná vyvolených Playtest,3300340.0,0.0,False,,,,,,,True,False,False,,,,,,"22 Oct, 2024",,,
92871,소울러즈 (Soulers) Playtest,3764030.0,0.0,False,,,,,,,True,False,False,,,,,,"21 Jun, 2025",,,
92890,Pulling No Punches Playtest,1789640.0,0.0,False,,,,,,,True,False,False,,,,,,"21 Oct, 2021",,,
92904,Landnama Playtest,2366170.0,0.0,False,,,,,,,True,False,False,,,,,,"1 Oct, 2024",,,
92951,DESTRUCTURE: Among Debris Playtest,1982760.0,0.0,False,,,,,,,True,False,False,,,,,,"7 Jun, 2022",,,
93013,Disco Simulator Playtest,2557590.0,0.0,False,,,,,,,True,False,False,,,,,,"19 Oct, 2023",,,
93071,Nested Lands Playtest,2812710.0,0.0,False,,,,,,,True,False,False,,,,,,"31 Mar, 2025",,,
93096,LEAP Playtest,1867420.0,0.0,False,,,,,,,True,False,False,,,,,,"26 Apr, 2023",,,
93175,Beastieball Playtest,3000570.0,0.0,False,,,,,,,True,False,False,,,,,,"14 Oct, 2024",,,
93266,Bot Crisis Playtest,2516000.0,0.0,False,,,,,,,True,False,False,,,,,,"27 Jul, 2023",,,
93490,部落幸存者 Playtest,1715880.0,0.0,False,,,,,,,True,False,False,,,,,,"14 Aug, 2021",,,
93609,Harvest Hunt Playtest,2606580.0,0.0,False,,,,,,,True,False,False,,,,,,"16 Sep, 2023",,,
93774,Catoise Playtest,2232020.0,0.0,False,,,,,,,True,False,False,,,,,,"25 Nov, 2022",,,
93845,子归 Playtest,2872980.0,0.0,False,,,,,,,True,False,False,,,,,,"17 May, 2024",,,
93947,Hoomanz! Playtest,3592740.0,0.0,False,,,,,,,True,False,False,,,,,,"14 Mar, 2025",,,
93949,Project Cumberland - Friends and Family Playtest,2333810.0,0.0,False,,,,,,,True,False,False,,,,,,"2 Dec, 2024",,,
93978,Vessels Of Decay Playtest,2209960.0,0.0,False,,,,,,,True,False,False,,,,,,"3 Nov, 2023",,,
94006,好想躺平啊，但是 Playtest,3296880.0,0.0,False,,,,,,,True,False,False,,,,,,"17 Jun, 2025",,,
94021,Battlecore Robots Playtest,2574980.0,0.0,False,,,,,,,True,False,False,,,,,,"26 Aug, 2023",,,
94186,ULTRATORO 2 Playtest,2587580.0,0.0,False,,,,,,,True,False,False,,,,,,"28 Sep, 2023",,,
94203,Rainette Playtest,2451870.0,0.0,False,,,,,,,True,False,False,,,,,,"29 May, 2023",,,
94210,暗黑炽天使 Playtest,3327110.0,0.0,False,,,,,,,True,False,False,,,,,,"6 Jan, 2025",,,
94213,Move the Window Playtest,1646740.0,0.0,False,,,,,,,True,False,False,,,,,,"24 May, 2021",,,
94257,異能マスカレイド Playtest,2003650.0,0.0,False,,,,,,,True,False,False,,,,,,"2 Jun, 2022",,,
94302,HangTogether Playtest,1703560.0,0.0,False,,,,,,,True,False,False,,,,,,"22 Jul, 2021",,,
94303,虚国：元灵召唤 Playtest,2478110.0,0.0,False,,,,,,,True,False,False,,,,,,"16 Dec, 2023",,,
94308,Dominova Playtest,3722640.0,0.0,False,,,,,,,True,False,False,,,,,,"8 May, 2025",,,
94355,Drill Core Playtest,2989060.0,0.0,False,,,,,,,True,False,False,,,,,,"21 May, 2024",,,
94503,WORM GAME Playtest,3328890.0,0.0,False,,,,,,,True,False,False,,,,,,"22 Nov, 2024",,,
94510,Melody's Melon Mania Playtest,3134950.0,0.0,False,,,,,,,True,False,False,,,,,,"30 Jul, 2024",,,
94566,Grave Realms Playtest,2921570.0,0.0,False,,,,,,,True,False,False,,,,,,"13 May, 2024",,,
94679,FAS: Fight Action Sandbox Playtest,2379540.0,0.0,False,,,,,,,True,False,False,,,,,,"31 Mar, 2023",,,
94754,Crab Game 2 Playtest,3369810.0,0.0,False,,,,,,,True,False,False,,,,,,"3 Dec, 2024",,,
94770,REMORE: INFESTED KINGDOM Playtest,3473220.0,0.0,False,,,,,,,True,False,False,,,,,,"17 Mar, 2025",,,
94846,JUMP KING QUEST Playtest,3385230.0,0.0,False,,,,,,,True,False,False,,,,,,"31 Jan, 2025",,,
94888,Airsoft Range Playtest,3058300.0,0.0,False,,,,,,,True,False,False,,VR Only,,,,"11 Jul, 2024",,,
94966,EXILIUM Playtest,2783040.0,0.0,False,,,,,,,True,False,False,,,,,,"16 Jan, 2024",,,
94999,Pix Souls Playtest,3261770.0,0.0,False,,,,,,,True,False,False,,,,,,"31 Oct, 2024",,,
95099,Hunchback's Dungeon Playtest,2370960.0,0.0,False,,,,,,,True,False,False,,,,,,"15 Feb, 2024",,,
95293,Montabi Playtest,3279790.0,0.0,False,,,,,,,True,False,False,,,,,,"12 May, 2025",,,
95354,GB Rober Playtest,1734750.0,0.0,False,,,,,,,True,False,False,,,,,,"24 Aug, 2021",,,
95394,Naheulbeuk's Dungeon Master Playtest,2569990.0,0.0,False,,,,,,,True,False,False,,,,,,"30 Aug, 2023",,,
95530,Liberté Playtest,1664860.0,0.0,False,,,,,,,True,False,False,,,,,,"26 Jan, 2022",,,
95539,BALSA Model Flight Simulator Playtest,1529230.0,0.0,False,,,,,,,True,False,False,,,,,,"23 Jun, 2021",,,
95643,Nox Mortalis Playtest,3704700.0,0.0,False,,,,,,,True,False,False,,,,,,"16 May, 2025",,,
95677,Tafl Champions: Ancient Chess Playtest,1757190.0,0.0,False,,,,,,,True,False,False,,,,,,"7 Dec, 2021",,,
95681,Geargrit Playtest,2299640.0,0.0,False,,,,,,,True,False,False,,,,,,"14 Oct, 2024",,,
95683,Return To Sender Playtest,1613520.0,0.0,False,,,,,,,True,False,False,,,,,,"28 Apr, 2021",,,
95741,Checkmate Showdown Playtest,2556840.0,0.0,False,,,,,,,True,False,False,,,,,,"8 Sep, 2023",,,
95814,Scriptorium: Master of Manuscripts Playtest,3570830.0,0.0,False,,,,,,,True,False,False,,,,,,"26 Jun, 2025",,,
95968,清零计划2：天启派对 Playtest,2495740.0,0.0,False,,,,,,,True,False,False,,,,,,"25 Nov, 2023",,,
96098,MEMORIA POLIS Playtest,2791560.0,0.0,False,,,,,,,True,False,False,,,,,,"2 May, 2024",,,
96109,Cultivation Story: Infinite Sword Realm Playtest,3476290.0,0.0,False,,,,,,,True,False,False,,,,,,"22 Jan, 2025",,,
96184,Lands of Rumour Playtest,3439680.0,0.0,False,,,,,,,True,False,False,,,,,,"18 Feb, 2025",,,
96264,Wargs Playtest,1689630.0,0.0,False,,,,,,,True,False,False,,,,,,"22 Aug, 2021",,,
96302,Fractured Perception Playtest,3555910.0,0.0,False,,,,,,,True,False,False,,,,,,"27 Feb, 2025",,,
96368,Prison Life Playtest,1911880.0,0.0,False,,,,,,,True,False,False,,,,,,"17 Feb, 2022",,,
96378,SHARKS Playtest,2318560.0,0.0,False,,,,,,,True,False,False,,,,,,"2 Mar, 2023",,,
96432,Atlas Hands Playtest,3606080.0,0.0,False,,,,,,,True,False,False,,,,,,"11 Apr, 2025",,,
96489,Egging On Playtest,3486540.0,0.0,False,,,,,,,True,False,False,,,,,,"18 Apr, 2025",,,
96534,No Love Lost Playtest,2437370.0,0.0,False,,,,,,,True,False,False,,,,,,"1 Dec, 2023",,,
96630,Cosmic Breakout Playtest,2925000.0,0.0,False,,,,,,,True,False,False,,,,,,"22 Apr, 2024",,,
96698,Rockstar Life Playtest,1920200.0,0.0,False,,,,,,,True,False,False,,,,,,"14 Mar, 2022",,,
96846,Dark Moon Playtest,3323570.0,0.0,False,,,,,,,True,False,False,,,,,,"2 Jan, 2025",,,
96974,For The King 2 Closed Beta,1907700.0,0.0,False,,,,,,,True,False,False,,,,,,"10 May, 2023",,,
97026,Night Janitor Playtest,2131320.0,0.0,False,,,,,,,True,False,False,,,,,,"24 Aug, 2022",,,
97061,Super Retro GP Playtest,2441640.0,0.0,False,,,,,,,True,False,False,,,,,,"24 May, 2023",,,
97211,Ropebound Playtest,3356430.0,0.0,False,,,,,,,True,False,False,,,,,,"29 Nov, 2024",,,
97220,Delta Force Alpha Test,2709440.0,0.0,False,,,,,,,True,False,False,,,,,,"4 Aug, 2024",,,
97252,Gorgon Shield Playtest,2661920.0,0.0,False,,,,,,,True,False,False,,,,,,"26 Oct, 2023",,,
97283,Bandit Trap Playtest,3454550.0,0.0,False,,,,,,,True,False,False,,,,,,"4 Apr, 2025",,,
97370,喵喵角斗士 Playtest,3349650.0,0.0,False,,,,,,,True,False,False,,,,,,"10 Apr, 2025",,,
97381,REKA Playtest,2500030.0,0.0,False,,,,,,,True,False,False,,,,,,"30 Apr, 2024",,,
97435,Alien Hominid Invasion Playtest,1764450.0,0.0,False,,,,,,,True,False,False,,,,,,"11 Nov, 2021",,,
97436,Eden: Project New Earth Playtest,2743350.0,0.0,False,,,,,,,True,False,False,,,,,,"10 Nov, 2024",,,
97443,Golden Record Retriever Playtest,2201920.0,0.0,False,,,,,,,True,False,False,,,,,,"21 Dec, 2022",,,
97469,Geometry Arena 2 Playtest,2064890.0,0.0,False,,,,,,,True,False,False,,,,,,"27 Aug, 2022",,,
97471,Wild Growth Playtest,3462010.0,0.0,False,,,,,,,True,False,False,,,,,,"20 Jan, 2025",,,
97541,Open Wheel Manager 2 Playtest,2239030.0,0.0,False,,,,,,,True,False,False,,,,,,"22 Aug, 2023",,,
97602,BOSS BEEK- Beekeeping Simulator Playtest,1813390.0,0.0,False,,,,,,,True,False,False,,,,,,"5 Jan, 2022",,,
97798,ANEURISM IV Playtest,3187430.0,0.0,False,,,,,,,True,False,False,,,,,,"5 Oct, 2024",,,
97862,Starsaviordev Playtest,3811360.0,0.0,False,,,,,,,True,False,False,,,,,,"22 Jul, 2025",,,
97863,Octohill Ski Tycoon Playtest,3334180.0,0.0,False,,,,,,,True,False,False,,,,,,"11 Nov, 2024",,,
97939,Count of Hatchet Playtest,2966600.0,0.0,False,,,,,,,True,False,False,,,,,,"1 May, 2024",,,
97957,Mindform Playtest,2579630.0,0.0,False,,,,,,,True,False,False,,,,,,"22 Sep, 2023",,,
97991,Fishlets Playtest,2941720.0,0.0,False,,,,,,,True,False,False,,,,,,"17 Apr, 2024",,,
98072,Gravity Runner Playtest,1660880.0,0.0,False,,,,,,,True,False,False,,,,,,"8 Jun, 2021",,,
98073,Lottery vs Aliens Playtest,3775300.0,0.0,False,,,,,,,True,False,False,,,,,,"17 Jun, 2025",,,
98134,The Godkiller - Chapter 1 Playtest,1660260.0,0.0,False,,,,,,,True,False,False,,,,,,"3 Aug, 2021",,,
98144,Saleblazers Playtest,1887540.0,0.0,False,,,,,,,True,False,False,,,,,,"13 Apr, 2022",,,
98150,Hotel Architect Playtest,3346330.0,0.0,False,,,,,,,True,False,False,,,,,,"17 Apr, 2025",,,
98214,PANDO Engines Playtest,1958940.0,0.0,False,,,,,,,True,False,False,,,,,,"18 Apr, 2022",,,
98420,SacriFire Playtest,1845350.0,0.0,False,,,,,,,True,False,False,,,,,,"29 May, 2024",,,
98456,Will You Wheel? Playtest,2542710.0,0.0,False,,,,,,,True,False,False,,,,,,"3 Aug, 2023",,,
98469,The Trud Playtest,1634490.0,0.0,False,,,,,,,True,False,False,,,,,,"13 May, 2021",,,
98599,Subterranauts Playtest,3078440.0,0.0,False,,,,,,,True,False,False,,,,,,"8 Jul, 2024",,,
98605,Kooky Kids Fort Defense Playtest,2495590.0,0.0,False,,,,,,,True,False,False,,,,,,"25 Jan, 2024",,,
98655,Summa Expeditionis Playtest,2792350.0,0.0,False,,,,,,,True,False,False,,,,,,"8 Sep, 2024",,,
98657,Quinterra Playtest,1470580.0,0.0,False,,,,,,,True,False,False,,,,,,"19 Nov, 2020",,,
98736,Dungeon Swappers Playtest,1608060.0,0.0,False,,,,,,,True,False,False,,,,,,"18 Jul, 2022",,,
98769,MechaLeague Playtest,2663100.0,0.0,False,,,,,,,True,False,False,,VR Only,,,,"9 Nov, 2023",,,
98774,"Wrecker II, The Wreckening Playtest",3768500.0,0.0,False,,,,,,,True,False,False,,,,,,"31 May, 2025",,,
98800,Time to Morp Playtest,1526820.0,0.0,False,,,,,,,True,False,False,,,,,,"1 Dec, 2023",,,
98816,Stadium Renovator Playtest,1845410.0,0.0,False,,,,,,,True,False,False,,,,,,"3 Feb, 2022",,,
98832,叛逆AI模拟器 Playtest,2235000.0,0.0,False,,,,,,,True,False,False,,,,,,"13 Dec, 2022",,,
98859,Escape Protocol: Hospital Playtest,3721750.0,0.0,False,,,,,,,True,False,False,,,,,,"26 May, 2025",,,
98888,"EcoQuest: Explore, Discover, Protect!  Playtest",2803790.0,0.0,False,,,,,,,True,False,False,,,,,,"11 Apr, 2024",,,
98965,LIGHTNING Playtest,2221420.0,0.0,False,,,,,,,True,False,False,,,,,,"15 Jan, 2023",,,
99085,Steel Crew Playtest,1499140.0,0.0,False,,,,,,,True,False,False,,VR Supported,,,,"17 Sep, 2021",,,
99130,Dragon's Hoard Playtest,1632340.0,0.0,False,,,,,,,True,False,False,,,,,,"21 Sep, 2021",,,
99183,Nova Playtest,2876780.0,0.0,False,,,,,,,True,False,False,,,,,,"31 Mar, 2024",,,
99246,Dystopian Debugger Playtest,2152930.0,0.0,False,,,,,,,True,False,False,,,,,,"27 Mar, 2023",,,
99413,Secret Government Playtest,1544660.0,0.0,False,,,,,,,True,False,False,,,,,,"5 Aug, 2021",,,
99417,Tabulo Playtest,3539430.0,0.0,False,,,,,,,True,False,False,,,,,,"7 Mar, 2025",,,
99518,Hairdresser Simulator Playtest,2603080.0,0.0,False,,,,,,,True,False,False,,,,,,"20 Sep, 2023",,,
99550,Grace Online Playtest,2264980.0,0.0,False,,,,,,,True,False,False,,,,,,"6 Jan, 2023",,,
99593,SAMUDRA Playtest,1682080.0,0.0,False,,,,,,,True,False,False,,,,,,"1 Aug, 2021",,,
99598,Last Group Out Playtest,1852880.0,0.0,False,,,,,,,True,False,False,,,,,,"31 Dec, 2021",,,
99657,Mudborne Playtest,3453750.0,0.0,False,,,,,,,True,False,False,,,,,,"22 Jan, 2025",,,
99690,Adarin Farm Playtest,1836610.0,0.0,False,,,,,,,True,False,False,,,,,,"30 Nov, 2021",,,
99706,Hope's End Playtest,2211310.0,0.0,False,,,,,,,True,False,False,,,,,,"4 Apr, 2023",,,
99708,Charta Dungeon - Ambidextrous (Playtest),3449930.0,0.0,False,,,,,,,True,False,False,,,,,,"23 Jan, 2025",,,
99726,Riftcast Playtest,3054830.0,0.0,False,,,,,,,True,False,False,,,,,,"12 Jul, 2024",,,
99757,Dungeon Avenger Playtest,1788420.0,0.0,False,,,,,,,True,False,False,,,,,,"13 Oct, 2021",,,
99821,Heist Kitty: Multiplayer Cat Simulator Game Playtest,2418370.0,0.0,False,,,,,,,True,False,False,,,,,,"15 May, 2023",,,
99877,Egypt Frontiers Playtest,2600030.0,0.0,False,,,,,,,True,False,False,,,,,,"27 Sep, 2023",,,
99955,Dragonkin: The Banished Playtest,3354210.0,0.0,False,,,,,,,True,False,False,,,,,,"19 Dec, 2024",,,
99983,Digger: Galactic Treasures Playtest,3824210.0,0.0,False,,,,,,,True,False,False,,,,,,"20 Jun, 2025",,,
100135,Space Chaos Playtest,3419050.0,0.0,False,,,,,,,True,False,False,,,,,,"18 Jul, 2025",,,
100155,职场浮生记 Playtest,1479280.0,0.0,False,,,,,,,True,False,False,,,,,,"25 Nov, 2020",,,
100234,墨笔斗妖传 Playtest,3676650.0,0.0,False,,,,,,,True,False,False,,,,,,"29 Apr, 2025",,,
100268,Super Buckyball Tournament Playtest,1792740.0,0.0,False,,,,,,,True,False,False,,,,,,"30 Nov, 2021",,,
100315,Pharaoh: A New Era Playtest,1806350.0,0.0,False,,,,,,,True,False,False,,,,,,"8 Dec, 2021",,,
100321,Lost Legions Playtest,3487330.0,0.0,False,,,,,,,True,False,False,,,,,,"18 Aug, 2025",,,
100350,Crystal Tower Defense Playtest,2455650.0,0.0,False,,,,,,,True,False,False,,,,,,"2 Jun, 2023",,,
100407,Galactic Glitch: Prologue Playtest,2415570.0,0.0,False,,,,,,,True,False,False,,,,,,"4 May, 2023",,,
100465,IfSunSets Playtest,2433520.0,0.0,False,,,,,,,True,False,False,,,,,,"12 Sep, 2024",,,
100493,Dead Crossway Survival Zombie Playtest,3120230.0,0.0,False,,,,,,,True,False,False,,,,,,"25 Jul, 2024",,,
100514,Tennis Fighters Playtest,1707500.0,0.0,False,,,,,,,True,False,False,,,,,,"9 Dec, 2021",,,
100707,Destroy The Monoliths Playtest,2369710.0,0.0,False,,,,,,,True,False,False,,,,,,"5 May, 2023",,,
100732,Shatterline Playtest,2089760.0,0.0,False,,,,,,,True,False,False,,,,,,"30 Aug, 2022",,,
100754,Shell of a King Playtest,2426470.0,0.0,False,,,,,,,True,False,False,,,,,,"16 Apr, 2024",,,
100764,Dagdrøm Playtest,2320330.0,0.0,False,,,,,,,True,False,False,,,,,,"27 Feb, 2023",,,
100957,破晓之战 Playtest,3649470.0,0.0,False,,,,,,,True,False,False,,,,,,"2 May, 2025",,,
100966,ThirdPlace -Kon AND Pon- Playtest,2829340.0,0.0,False,,,,,,,True,False,False,,,,,,"19 Mar, 2025",,,
101070,Sumorbit Playtest,2398200.0,0.0,False,,,,,,,True,False,False,,,,,,"22 Apr, 2023",,,
101071,Atrio: The Dark Wild Playtest,1549020.0,0.0,False,,,,,,,True,False,False,,,,,,"11 Jun, 2021",,,
101138,Deterrence Playtest,2174010.0,0.0,False,,,,,,,True,False,False,,,,,,"10 Oct, 2022",,,
101157,Grønland Playtest,2704600.0,0.0,False,,,,,,,True,False,False,,,,,,"24 Nov, 2023",,,
101267,Synthwave Glider Playtest,2196760.0,0.0,False,,,,,,,True,False,False,,,,,,"5 Feb, 2024",,,
101279,Warden's Will Playtest,3291110.0,0.0,False,,,,,,,True,False,False,,,,,,"29 Nov, 2024",,,
101379,Islets Playtest,1903550.0,0.0,False,,,,,,,True,False,False,,,,,,"10 Feb, 2022",,,
101414,The Tribe Must Survive Playtest,2589780.0,0.0,False,,,,,,,True,False,False,,,,,,"10 Jan, 2024",,,
101436,,,,,,,,,,,,,,,,,,,,-1.0,,
101469,The Curse Of Grimsey Island Playtest,1908060.0,0.0,False,,,,,,,True,False,False,,,,,,"18 Feb, 2022",,,
101495,Spirit Guardians Playtest,2774510.0,0.0,False,,,,,,,True,False,False,,,,,,"10 Jan, 2024",,,
101653,Tales Of Tirunia Playtest,3711940.0,0.0,False,,,,,,,True,False,False,,,,,,"11 Jul, 2025",,,
101661,Replicube Playtest,3417920.0,0.0,False,,,,,,,True,False,False,,,,,,"28 Dec, 2024",,,
101792,飘渺之路 Path to the Void Playtest,3645450.0,0.0,False,,,,,,,True,False,False,,,,,,"11 Apr, 2025",,,
101806,"travis, the frog - playtest",3554170.0,0.0,False,,,,,,,True,False,False,,,,,,"7 Jul, 2025",,,
101832,SHAPELAND Playtest,3437830.0,0.0,False,,,,,,,True,False,False,,,,,,"11 Jan, 2025",,,
101856,The Infinite Trial of a Hopeless Man Running Playtest,1484400.0,0.0,False,,,,,,,True,False,False,,,,,,"19 May, 2021",,,
101932,Nullstar: Solus Playtest,3740310.0,0.0,False,,,,,,,True,False,False,,,,,,"6 Jun, 2025",,,
102056,Total War: Elysium Playtest,1378490.0,0.0,False,,,,,,,True,False,False,,,,,,"24 Jul, 2020",,,
102072,Green Hawk Platoon Playtest,2128450.0,0.0,False,,,,,,,True,False,False,,,,,,"11 Apr, 2024",,,
102111,Battle Tracks Playtest,2001020.0,0.0,False,,,,,,,True,False,False,,,,,,"7 Sep, 2022",,,
102155,The Invading Dark Playtest,3182940.0,0.0,False,,,,,,,True,False,False,,,,,,"27 Aug, 2024",,,
102209,Puppet Master: The Game Playtest,2313090.0,0.0,False,,,,,,,True,False,False,,,,,,"10 Feb, 2023",,,
102242,project; VIRAI: DOOMER’s LIFE ESCAPE Playtest,3668250.0,0.0,False,,,,,,,True,False,False,,,,,,"5 May, 2025",,,
102366,Revelation of Decay Playtest,2985640.0,0.0,False,,,,,,,True,False,False,,,,,,"16 Aug, 2024",,,
102379,The Battle for Vega Playtest,2475030.0,0.0,False,,,,,,,True,False,False,,,,,,"16 Jun, 2023",,,
102433,Roll Player Playtest,1976760.0,0.0,False,,,,,,,True,False,False,,,,,,"22 Apr, 2022",,,
102474,Block Factory Playtest,3094330.0,0.0,False,,,,,,,True,False,False,,,,,,"21 Aug, 2024",,,
102602,Meta Ghost: Breaking Show Playtest,2624640.0,0.0,False,,,,,,,True,False,False,,,,,,"11 Jan, 2024",,,
102642,Golf Gang Playtest,1616290.0,0.0,False,,,,,,,True,False,False,,,,,,"18 Apr, 2022",,,
102717,PAYDAY 3 Playtest,2478210.0,0.0,False,,,,,,,True,False,False,,,,,,"8 Sep, 2023",,,
102916,Roman Triumph: Survival City Builder Playtest,3055160.0,0.0,False,,Coreffect Interactive,,,,,True,False,False,,Single-player;Steam Achievements,Indie;Simulation;Strategy,,,,,,
102925,Kaardik Playtest,3116050.0,0.0,False,,,,,,,True,False,False,,,,,,"20 Jul, 2024",,,
102962,One of Them Playtest,3052340.0,0.0,False,,,,,,,True,False,False,,,,,,"24 Jun, 2024",,,
103047,Astra Sentinel Playtest,3622900.0,0.0,False,,,,,,,True,False,False,,,,,,"3 Apr, 2025",,,
103236,Rescue: The Beagles Playtest,2799180.0,0.0,False,,,,,,,True,False,False,,,,,,"23 Jan, 2024",,,
103356,Whisper of the House Playtest,2686830.0,0.0,False,,,,,,,True,False,False,,,,,,"23 Jul, 2025",,,
103379,Fish Bone Playtest,2344100.0,0.0,False,,,,,,,True,False,False,,,,,,"20 Apr, 2023",,,
103391,Cloudheim Playtest,3858920.0,0.0,False,,,,,,,True,False,False,,,,,,"18 Jul, 2025",,,
103423,Fear the Spotlight Playtest,2211510.0,0.0,False,,,,,,,True,False,False,,,,,,"9 Nov, 2022",,,
103498,Mafia Pigs Playtest,2177360.0,0.0,False,,,,,,,True,False,False,,,,,,"20 Feb, 2023",,,
103530,Sanctuary Playtest,2005360.0,0.0,False,,,,,,,True,False,False,,,,,,"28 Nov, 2022",,,
103634,Bunny Bunker Playtest,3072040.0,0.0,False,,,,,,,True,False,False,,,,,,"23 Jul, 2024",,,
103715,Century Playtest,1492330.0,0.0,False,,,,,,,True,False,False,,,,,,"1 Feb, 2021",,,
103716,PERSONA5 THE PHANTOM X Playtest,3216950.0,0.0,False,,,,,,,True,False,False,,,,,,"5 Dec, 2024",,,
103748,Skeleton Crew Playtest,1611810.0,0.0,False,,,,,,,True,False,False,,,,,,"24 May, 2021",,,
103789,Infinicrypt Playtest,3076270.0,0.0,False,,,,,,,True,False,False,,,,,,"1 Feb, 2025",,,
103937,神罪之牌 Playtest,3390920.0,0.0,False,,,,,,,True,False,False,,,,,,"9 Dec, 2024",,,
104037,The Mobius Machine Playtest,2701760.0,0.0,False,,,,,,,True,False,False,,,,,,"4 Dec, 2023",,,
104051,Enworden Playtest,2138940.0,0.0,False,,,,,,,True,False,False,,,,,,"18 Sep, 2022",,,
104080,Trombone Champ Playtest,2065140.0,0.0,False,,,,,,,True,False,False,,,,,,"1 Jul, 2022",,,
104146,Arcadium - Space Odyssey Playtest,2352690.0,0.0,False,,,,,,,True,False,False,,,,,,"14 May, 2024",,,
104177,Producer Tycoon Playtest,2351250.0,0.0,False,,,,,,,True,False,False,,,,,,"10 Mar, 2023",,,
104182,Our Freedom Playtest,3398450.0,0.0,False,,,,,,,True,False,False,,,,,,"24 Jan, 2025",,,
104363,ConquestAreas Playtest,1977330.0,0.0,False,,,,,,,True,False,False,,,,,,"28 May, 2022",,,
104419,Battle Bands Playtest,1806380.0,0.0,False,,,,,,,True,False,False,,,,,,"15 Feb, 2022",,,
104439,Cheese Party Playtest,2972960.0,0.0,False,,,,,,,True,False,False,,,,,,"25 Jun, 2024",,,
104443,LunarLux Playtest,2013660.0,0.0,False,,,,,,,True,False,False,,,,,,"20 Jun, 2022",,,
104467,Space Dance Harmony Playtest,1510680.0,0.0,False,,,,,,,True,False,False,,VR Only,,,,"8 Jan, 2021",,,
104501,Terror of Hemasaurus Playtest,1977420.0,0.0,False,,,,,,,True,False,False,,,,,,"29 Apr, 2022",,,
104526,ウェアヒューマン Playtest,3010580.0,0.0,False,,,,,,,True,False,False,,,,,,"7 Jun, 2024",,,
104678,Emergent Magic Playtest,3474330.0,0.0,False,,,,,,,True,False,False,,,,,,"30 Jan, 2025",,,
104742,Cecil Hollow Playtest,3157350.0,0.0,False,,,,,,,True,False,False,,,,,,"17 Aug, 2024",,,
104795,TIC-TAC: Twelve o'clock Playtest,3532510.0,0.0,False,,,,,,,True,False,False,,,,,,"5 Apr, 2025",,,
104911,The Indigo Parallel Playtest,1850030.0,0.0,False,,,,,,,True,False,False,,,,,,"18 Dec, 2021",,,
105064,Hanako: Honor and Blade Playtest,1471790.0,0.0,False,,,,,,,True,False,False,,,,,,"10 Nov, 2020",,,
105133,Boat Crew Playtest,1857030.0,0.0,False,,,,,,,True,False,False,,,,,,"12 Jan, 2022",,,
105177,UpnDown Playtest,2576270.0,0.0,False,,,,,,,True,False,False,,,,,,"27 Sep, 2023",,,
105240,Obscurity: Unknown Threat Playtest,1843870.0,0.0,False,,,,,,,True,False,False,,,,,,"19 Dec, 2024",,,
105308,Overnet Playtest,2754270.0,0.0,False,,,,,,,True,False,False,,,,,,"28 Feb, 2024",,,
105311,Hostile Mars: Prologue Playtest,2122670.0,0.0,False,,,,,,,True,False,False,,,,,,"19 Aug, 2022",,,
105392,Wayfinder Playtest,2287610.0,0.0,False,,,,,,,True,False,False,,,,,,"23 Feb, 2023",,,
105471,Camelbirds Playtest,3204500.0,0.0,False,,,,,,,True,False,False,,VR Supported,,,,"5 Dec, 2024",,,
105624,SpaceSlog Playtest,3168050.0,0.0,False,,,,,,,True,False,False,,,,,,"25 Aug, 2024",,,
105664,Constellations: Puzzles in the Sky Playtest,1942430.0,0.0,False,,,,,,,True,False,False,,,,,,"30 Mar, 2022",,,
105673,Climbing Gym Simulator Playtest,3705910.0,0.0,False,,,,,,,True,False,False,,,,,,"5 Jul, 2025",,,
105694,Infinitode 2 Playtest,1620260.0,0.0,False,,,,,,,True,False,False,,,,,,"28 Apr, 2021",,,
105744,Headliners Playtest,3088490.0,0.0,False,,,,,,,True,False,False,,,,,,"5 Sep, 2024",,,
105791,Project Roy Playtest,3865040.0,0.0,False,,,,,,,True,False,False,,,,,,"9 Jul, 2025",,,
105924,Iron Roads Playtest,2269050.0,0.0,False,,,,,,,True,False,False,,,,,,"20 May, 2024",,,
105958,VOIN Playtest,2846750.0,0.0,False,,,,,,,True,False,False,,,,,,"3 Mar, 2024",,,
105994,Goldilock One: The Mists of Jakaíra Playtest,2196540.0,0.0,False,,,,,,,True,False,False,,,,,,"15 Nov, 2022",,,
106038,Totally Reliable Delivery Service Playtest,1585940.0,0.0,False,,,,,,,True,False,False,,,,,,"25 Mar, 2021",,,
106104,MiniWarfare Playtest,1968550.0,0.0,False,,,,,,,True,False,False,,,,,,"18 Apr, 2022",,,
106215,isekizima: Ruins and Tails Journey Playtest,2857710.0,0.0,False,,,,,,,True,False,False,,,,,,"27 Feb, 2024",,,
106220,---Red---Tether--&gt; Playtest,1843380.0,0.0,False,,,,,,,True,False,False,,,,,,"8 Dec, 2021",,,
106252,Manhattan Playtest,2244490.0,0.0,False,,,,,,,True,False,False,,,,,,"7 Jan, 2023",,,
106515,Beneath Her Starry Sky Playtest,2246150.0,0.0,False,,,,,,,True,False,False,,,,,,"16 Dec, 2022",,,
106550,Farsiders Playtest,2300420.0,0.0,False,,,,,,,True,False,False,,,,,,"4 Oct, 2023",,,
106588,FMTC Playtest,2454930.0,0.0,False,,,,,,,True,False,False,,,,,,"14 Apr, 2025",,,
106616,Our Mountain Playtest,2139880.0,0.0,False,,,,,,,True,False,False,,,,,,"11 Sep, 2022",,,
106677,Core Keeper Playtest,1751880.0,0.0,False,,,,,,,True,False,False,,,,,,"1 Dec, 2021",,,
106770,伦敦旧影 Playtest,3739540.0,0.0,False,,,,,,,True,False,False,,,,,,"26 May, 2025",,,
106779,Skimmer Playtest,3327730.0,0.0,False,,,,,,,True,False,False,,,,,,"16 Dec, 2024",,,
106872,Arrogue Playtest,3023990.0,0.0,False,,,,,,,True,False,False,,,,,,"30 Oct, 2024",,,
106893,The Hidden Room - Pyramid Playtest,2350360.0,0.0,False,,,,,,,True,False,False,,,,,,"26 May, 2024",,,
106922,Shield Cat Playtest,1691590.0,0.0,False,,,,,,,True,False,False,,,,,,"30 Jul, 2021",,,
106989,电竞教父 Playtest,2693690.0,0.0,False,,,,,,,True,False,False,,,,,,"14 Nov, 2023",,,
107009,Warborne: Above Ashes Playtest,3145660.0,0.0,False,,,,,,,True,False,False,,,,,,"21 Apr, 2025",,,
107037,Squirrelmageddon! Playtest,1625870.0,0.0,False,,,,,,,True,False,False,,,,,,"8 Jan, 2022",,,
107049,LQM Playtest,3650850.0,0.0,False,,,,,,,True,False,False,,,,,,,,,
107122,Final Fury Playtest,2626850.0,0.0,False,,,,,,,True,False,False,,VR Only,,,,"7 Nov, 2024",,,
107247,Brocula Playtest,1676930.0,0.0,False,,,,,,,True,False,False,,,,,,"2 Mar, 2023",,,
107279,Relic Odyssey: Ruins Of Xantao Playtest,2929340.0,0.0,False,,,,,,,True,False,False,,,,,,"20 Apr, 2024",,,
107358,SHOOPER NOVA Playtest,3328690.0,0.0,False,,,,,,,True,False,False,,,,,,"8 Nov, 2024",,,
107409,Liftoff: Micro Drones Playtest,1761640.0,0.0,False,,,,,,,True,False,False,,,,,,"22 Sep, 2021",,,
107417,Combots Playtest,1665510.0,0.0,False,,,,,,,True,False,False,,,,,,"8 Aug, 2022",,,
107638,Noon Stone Playtest,3672370.0,0.0,False,,,,,,,True,False,False,,,,,,"6 May, 2025",,,
107644,Operation: Harsh Doorstop Playtest,1566160.0,0.0,False,,,,,,,True,False,False,,,,,,"26 Oct, 2021",,,
107762,The Mosquito Gang Playtest,2896310.0,0.0,False,,,,,,,True,False,False,,,,,,"1 Feb, 2025",,,
107778,The Cave Diver Playtest,3836000.0,0.0,False,,,,,,,True,False,False,,,,,,,,,
107832,Synchro Playtest,3617640.0,0.0,False,,,,,,,True,False,False,,,,,,"7 May, 2025",,,
107872,百劍討妖傳綺譚 Playtest,3535230.0,0.0,False,,,,,,,True,False,False,,,,,,"28 Mar, 2025",,,
107998,REVERSI xVSx Playtest,2906940.0,0.0,False,,,,,,,True,False,False,,,,,,"9 Jan, 2025",,,
108017,Attack of the Karens Playtest,2486480.0,0.0,False,,,,,,,True,False,False,,,,,,"23 Jun, 2023",,,
108095,MARS: The Last Exodus Playtest,3822150.0,0.0,False,,,,,,,True,False,False,,,,,,"12 Aug, 2025",,,
108160,Spiral Playtest,3038180.0,0.0,False,,,,,,,True,False,False,,,,,,"7 Jul, 2024",,,
108224,Wardens Playtest,1893430.0,0.0,False,,,,,,,True,False,False,,,,,,"3 Feb, 2022",,,
108242,Wild Assault PlayTest,2860000.0,0.0,False,,,,,,,True,False,False,,,,,,"22 Oct, 2024",,,
108287,Locked In Mind Playtest,2752110.0,0.0,False,,,,,,,True,False,False,,,,,,"28 Dec, 2023",,,
108296,"Yes, Your Grace: Snowfall Playtest",2628170.0,0.0,False,,,,,,,True,False,False,,,,,,"7 May, 2024",,,
108318,SELINI Playtest,2725410.0,0.0,False,,,,,,,True,False,False,,,,,,"6 Dec, 2023",,,
108377,All Will Fall Playtest,3320480.0,0.0,False,,,,,,,True,False,False,,,,,,"17 Jan, 2025",,,
108490,Shadow Brawl Playtest,2916690.0,0.0,False,,,,,,,True,False,False,,,,,,"9 Apr, 2024",,,
108516,Revella Playtest,3703190.0,0.0,False,,,,,,,True,False,False,,,,,,,,,
108528,The Local Playtest,2983130.0,0.0,False,,,,,,,True,False,False,,,,,,"11 May, 2024",,,
108532,The Break-In Playtest,1748840.0,0.0,False,,,,,,,True,False,False,,VR Supported,,,,"10 Sep, 2021",,,
108597,Hill Agency: PURITYdecay Playtest,2007560.0,0.0,False,,,,,,,True,False,False,,,,,,"23 Jan, 2023",,,
108645,PC Building Simulator Playtest,1611980.0,0.0,False,,,,,,,True,False,False,,,,,,"26 May, 2021",,,
108689,Maritime Calling Playtest,1720900.0,0.0,False,,,,,,,True,False,False,,,,,,"28 Sep, 2021",,,
108838,The Signal Playtesting,2925150.0,0.0,False,,Goose Byte,Goose Byte,,,,True,False,False,,Single-player;Multi-player;Co-op;Online Co-op,Adventure;Indie;Simulation,,,,,,
108860,Star Mining Co. Playtest,2869410.0,0.0,False,,,,,,,True,False,False,,,,,,"16 Mar, 2024",,,
108963,Paragon Pioneers 2 Playtest,2454490.0,0.0,False,,,,,,,True,False,False,,,,,,"1 Jun, 2023",,,
108977,Midnight Murder Club Playtest,3141040.0,0.0,False,,,,,,,True,False,False,,,,,,"22 Aug, 2024",,,
109012,Fantasy Senate Simulator Playtest,2648770.0,0.0,False,,,,,,,True,False,False,,,,,,"22 Jan, 2024",,,
109044,Spirit City: Lofi Sessions Playtest,2429680.0,0.0,False,,,,,,,True,False,False,,,,,,"21 Aug, 2023",,,
109068,Memoirium Playtest,3678430.0,0.0,False,,,,,,,True,False,False,,,,,,"15 Aug, 2025",,,
109104,Niko and the Cubic Curse Playtest,1480180.0,0.0,False,,,,,,,True,False,False,,,,,,"19 Nov, 2020",,,
109169,Unrailed 2: Back on Track Playtest,3012370.0,0.0,False,,,,,,,True,False,False,,,,,,"28 Jun, 2024",,,
109224,Mangut Playtest,3385280.0,0.0,False,,,,,,,True,False,False,,,,,,"4 Dec, 2024",,,
109252,Perfect Tides Playtest,1715110.0,0.0,False,,,,,,,True,False,False,,,,,,"10 Feb, 2023",,,
109261,Mutant Boxing League VR Playtest,2886140.0,0.0,False,,,,,,,True,False,False,,VR Only,,,,"20 Mar, 2024",,,
109265,Escape from MLC Playtest,1824330.0,0.0,False,,,,,,,True,False,False,,,,,,"25 Nov, 2021",,,
109396,野蛮人大作战2 Playtest,2541120.0,0.0,False,,,,,,,True,False,False,,,,,,"17 Aug, 2023",,,
109457,Crusaderman Playtest,3655460.0,0.0,False,,,,,,,True,False,False,,,,,,"12 Apr, 2025",,,
109533,Vindictus: Defying Fate Playtest,2814870.0,0.0,False,,,,,,,True,False,False,,Full controller support,,,,"13 Mar, 2024",,,
109771,GREAT TOY SHOWDOWN Playtest,2602720.0,0.0,False,,,,,,,True,False,False,,,,,,"29 Sep, 2024",,,
109781,Twin Gods Playtest,2670410.0,0.0,False,,,,,,,True,False,False,,,,,,"14 Nov, 2023",,,
109999,除灵事务所 Playtest,3745820.0,0.0,False,,,,,,,True,False,False,,,,,,"21 May, 2025",,,
110031,Splurge Playtest,2739490.0,0.0,False,,,,,,,True,False,False,,,,,,"18 Dec, 2023",,,
110108,霓虹攀升 Playtest,3286670.0,0.0,False,,,,,,,True,False,False,,,,,,"27 Nov, 2024",,,
110186,Of Lies and Rain Playtest,3219340.0,0.0,False,,,,,,,True,False,False,,VR Only,,,,"18 Oct, 2024",,,
110338,Starwulf - Seeker of Secret Space Playtest,2357680.0,0.0,False,,,,,,,True,False,False,,,,,,"14 Mar, 2023",,,
110407,Leaving the formation Playtest,2599400.0,0.0,False,,,,,,,True,False,False,,,,,,"14 Sep, 2023",,,
110439,Bless Unleashed Playtest,1478540.0,0.0,False,,Round8 Studio,,,,,True,False,False,,Multi-player;MMO;Steam Achievements;Full controller support;Steam Trading Cards;In-App Purchases,Action;Free To Play;Massively Multiplayer;RPG,,,"9 May, 2021",,,
110564,Animal Trainer Simulator Playtest,2557610.0,0.0,False,,,,,,,True,False,False,,,,,,"25 Jan, 2024",,,
110581,Very Aggressive Adventure Playtest,3501250.0,0.0,False,,,,,,,True,False,False,,,,,,"8 Feb, 2025",,,
110605,Eiyuden Chronicle: Hundred Heroes Playtest,2869520.0,0.0,False,,,,,,,True,False,False,,,,,,"13 Mar, 2024",,,
110702,Turn Based Boxing Playtest,3585720.0,0.0,False,,,,,,,True,False,False,,,,,,"19 Mar, 2025",,,
110715,Kano and stone islands. Playtest,3282940.0,0.0,False,,,,,,,True,False,False,,,,,,"25 Jan, 2025",,,
110803,I AM KILT Playtest,2894230.0,0.0,False,,,,,,,True,False,False,,,,,,"20 Mar, 2024",,,
110906,Tristan Cole's Pro Driver Playtest,1692730.0,0.0,False,,,,,,,True,False,False,,,,,,"31 Aug, 2023",,,
111134,Hellborne Playtest,1646330.0,0.0,False,,,,,,,True,False,False,,,,,,"24 Sep, 2021",,,
111142,Pizza Bandit Playtest,2957580.0,0.0,False,,,,,,,True,False,False,,,,,,"16 May, 2025",,,
111225,Surreal House Playtest,2503930.0,0.0,False,,,,,,,True,False,False,,,,,,"1 Aug, 2023",,,
111270,Nebula Realms Playtest,1928730.0,0.0,False,,,,,,,True,False,False,,,,,,"16 Mar, 2022",,,
111326,GROSS Playtest,2250010.0,0.0,False,,,,,,,True,False,False,,,,,,"13 Dec, 2022",,,
111349,Captain Contraption's Chocolate Factory Playtest,2345760.0,0.0,False,,,,,,,True,False,False,,,,,,"14 Mar, 2023",,,
111353,Wildkeepers Rising Playtest,3362770.0,0.0,False,,,,,,,True,False,False,,Full controller support,,,,"4 Dec, 2024",,,
111355,502's Arcade Playtest,1811450.0,0.0,False,,,,,,,True,False,False,,,,,,"12 Nov, 2021",,,
111409,Supreme Ruler 2030 Playtest,2341250.0,0.0,False,,,,,,,True,False,False,,,,,,"13 Mar, 2023",,,
111532,Journey On Playtest,1698880.0,0.0,False,,,,,,,True,False,False,,,,,,"15 Apr, 2023",,,
111557,弾幕月曜日 Playtest,2119540.0,0.0,False,,,,,,,True,False,False,,,,,,"13 Aug, 2022",,,
111605,Don't Die In The West Playtest,2341010.0,0.0,False,,,,,,,True,False,False,,,,,,"12 Apr, 2023",,,
111615,These Doomed Isles Playtest,2298380.0,0.0,False,,,,,,,True,False,False,,,,,,"16 Mar, 2023",,,
111620,Eons Away Playtest,2166240.0,0.0,False,,,,,,,True,False,False,,,,,,"8 Nov, 2024",,,
111632,Spell Wizard Playtest,3407920.0,0.0,False,,,,,,,True,False,False,,,,,,"5 Feb, 2025",,,
111814,Motor Town : Behind The Wheel Playtest,1615960.0,0.0,False,,,,,,,True,False,False,,,,,,"7 Aug, 2021",,,
111966,Critter Isle Playtest,3568990.0,0.0,False,,,,,,,True,False,False,,,,,,"3 Apr, 2025",,,
111989,Of Ash and Steel Playtest,3708300.0,0.0,False,,,,,,,True,False,False,,,,,,"10 Jul, 2025",,,
112061,eWorlds Playtest,2555070.0,0.0,False,,,,,,,True,False,False,,,,,,"26 Oct, 2023",,,
112108,Gnostic Playtest,2312570.0,0.0,False,,,,,,,True,False,False,,,,,,"4 May, 2023",,,
112204,News Tower Playtest,2553980.0,0.0,False,,,,,,,True,False,False,,,,,,"28 Nov, 2023",,,
112284,Assault On Proxima Playtest,2304690.0,0.0,False,,,,,,,True,False,False,,,,,,"18 Feb, 2023",,,
112336,Secret of Sardinia Playtest,1796700.0,0.0,False,,,,,,,True,False,False,,,,,,"22 Nov, 2021",,,
112417,Militsioner Playtest,2101830.0,0.0,False,,,,,,,True,False,False,,,,,0.0,"5 Jun, 2025",,,
112423,Tinkertown Playtest,1474160.0,0.0,False,,,,,,,True,False,False,,,,,,"26 Nov, 2020",,,
112457,CorpoNation: The Sorting Process Playtest,2625210.0,0.0,False,,,,,,,True,False,False,,,,,,"9 Oct, 2023",,,
112536,Dreams of Sand Playtest,3647320.0,0.0,False,,,,,,,True,False,False,,,,,,"9 Apr, 2025",,,
112714,Kapital: Sparks of Revolution Playtest,1574760.0,0.0,False,,,,,,,True,False,False,,,,,,"28 Jun, 2021",,,
112770,追曙ZHUISHU Playtest,3478180.0,0.0,False,,,,,,,True,False,False,,,,,,"26 Jan, 2025",,,
112837,Seeker: Quest Playtest,2457810.0,0.0,False,,,,,,,True,False,False,,,,,,"2 Jun, 2023",,,
113155,Gamitate The Meditation Game Playtest,1623950.0,0.0,False,,,,,,,True,False,False,,,,,,"8 May, 2021",,,
113194,VR TRIBES Playtest,1944230.0,0.0,False,,,,,,,True,False,False,,VR Supported,,,,"19 Apr, 2022",,,
113205,idle Party Leader Playtest,2244390.0,0.0,False,,,,,,,True,False,False,,,,,,"11 Dec, 2022",,,
113229,神器行者: 重生 Playtest,3114350.0,0.0,False,,,,,,,True,False,False,,,,,,"22 Jul, 2024",,,
113247,暗色战争（Dark Conflict） Playtest,3043970.0,0.0,False,,,,,,,True,False,False,,,,,,"24 Oct, 2024",,,
113288,Turbeton Playtest,1905780.0,0.0,False,,,,,,,True,False,False,,,,,,"11 Feb, 2022",,,
113308,Bread or Dead VR Playtest,2443660.0,0.0,False,,,,,,,True,False,False,,VR Only,,,,"24 May, 2023",,,
113326,Andromeda Acolytes Beta,1742400.0,0.0,False,,,,,,,True,False,False,,,,,,"12 Jul, 2022",,,
113328,Wigged Out Playtest,1485430.0,0.0,False,,,,,,,True,False,False,,,,,,"23 Jan, 2024",,,
113336,Byte Lynx Playtest,2067520.0,0.0,False,,,,,,,True,False,False,,,,,,"27 Jun, 2022",,,
113413,Windjammers 2 BETA,1591830.0,0.0,False,,,,,,,True,False,False,,,,,,"11 Aug, 2021",,,
113422,Total War: PHARAOH - Early Access Weekend,2254160.0,0.0,False,,,,,,,True,False,False,,,,,,"29 Sep, 2023",,,
113439,Aetherdale Playtest,2961050.0,0.0,False,,,,,,,True,False,False,,,,,,"26 Apr, 2024",,,
113519,Technicity Playtest,1894710.0,0.0,False,,,,,,,True,False,False,,,,,,"14 Feb, 2022",,,
113673,Star Conqueror Playtest,2913600.0,0.0,False,,,,,,,True,False,False,,,,,,"8 Aug, 2024",,,
113678,Tales Of The White Knight playtest,3277760.0,0.0,False,,,,,,,True,False,False,,,,,,"15 Oct, 2024",,,
113748,Bot Patrol Playtest,1804880.0,0.0,False,,,,,,,True,False,False,,,,,,"30 Oct, 2021",,,
113785,Survive 10 Minutes Please Playtest,1996490.0,0.0,False,,,,,,,True,False,False,,,,,,"15 May, 2022",,,
113827,The Harvest Playtest,2078470.0,0.0,False,,,,,,,True,False,False,,,,,,"7 Jul, 2022",,,
113878,Steezelpunk Playtest,3722870.0,0.0,False,,,,,,,True,False,False,,,,,,,,,
113900,MY DAUGHTER IS A CULTIST! SE Playtest,2610750.0,0.0,False,,,,,,,True,False,False,,,,,,"14 Oct, 2023",,,
113933,Comatose Playtest,3528420.0,0.0,False,,,,,,,True,False,False,,,,,,"14 Feb, 2025",,,
113936,Rapid Impact Playtest,3525490.0,0.0,False,,,,,,,True,False,False,,,,,,"25 Apr, 2025",,,
114070,Project OBSCURE Playtest,3797070.0,0.0,False,,,,,,,True,False,False,,,,,,"11 Jun, 2025",,,
114110,SpaceBoots Playtest,2140670.0,0.0,False,,,,,,,True,False,False,,,,,,"2 Nov, 2022",,,
114141,Raccoon Roller Playtest,1676540.0,0.0,False,,,,,,,True,False,False,,,,,,"2 Jul, 2021",,,
114167,Freeze Tag Fun Pack #1,39391.0,0.0,False,,Freeze Tag Inc.;Joju Games;Linksolutions Ltd.;Dekovir Entertainment,,CAD,21.99,21.99,True,False,False,,Single-player,Casual,,,"23 Sep, 2009",,,
114236,Sumo Tanks Playtest,2598130.0,0.0,False,,,,,,,True,False,False,,,,,,"1 May, 2024",,,
114241,Warlander Playtest,2067100.0,0.0,False,,,,,,,True,False,False,,,,,,"19 Dec, 2022",,,
114242,Primateria Playtest,2011370.0,0.0,False,,,,,,,True,False,False,,,,,,"28 Sep, 2022",,,
114255,梦三国2 Playtest,2125700.0,0.0,False,,,,,,,True,False,False,,,,,,"1 Feb, 2023",,,
114323,Carrier Command 2 Playtest,1598760.0,0.0,False,,,,,,,True,False,False,,,,,,"17 Jun, 2021",,,
114344,Trumps Playtest,3238870.0,0.0,False,,,,,,,True,False,False,,,,,,"24 Sep, 2024",,,
114350,千禧梦 Playtest,3644700.0,0.0,False,,,,,,,True,False,False,,,,,,"27 Apr, 2025",,,
114451,Source of Madness Playtest,1613140.0,0.0,False,,,,,,,True,False,False,,,,,,"8 Sep, 2021",,,
114463,SUPRACORE Playtest,2580060.0,0.0,False,,,,,,,True,False,False,,,,,,"23 Sep, 2023",,,
114526,13Z Playtest,3213920.0,0.0,False,,,,,,,True,False,False,,,,,,"3 Jun, 2025",,,
114547,Super Astrovade Playtest,2377810.0,0.0,False,,,,,,,True,False,False,,,,,,"30 Mar, 2023",,,
114554,Halo MCC Mod Uploader,1695795.0,18.0,False,,343 Industries;Splash Damage;Ruffian Games;Bungie;Saber Interactive,,,,,True,False,False,,Single-player;Multi-player;PvP;Online PvP;LAN PvP;Co-op;Online Co-op;LAN Co-op;Cross-Platform Multiplayer;Steam Achievements;Full controller support;Steam Trading Cards;Remote Play on Phone;Remote Play on Tablet;Remote Play on TV;Family Sharing,Action,,,,,,
114716,Sealed Gate Playtest,2352560.0,0.0,False,,,,,,,True,False,False,,,,,,"25 Apr, 2024",,,
114764,Cosmic Kitchen Playtest,2995410.0,0.0,False,,,,,,,True,False,False,,,,,,"23 Sep, 2024",,,
114818,Fractured Worlds Playtest,2659490.0,0.0,False,,,,,,,True,False,False,,,,,,"7 Jul, 2025",,,
114948,Heroes Of  Loot: Gauntlet Of Power Playtest,2819500.0,0.0,False,,,,,,,True,False,False,,,,,,"5 Feb, 2024",,,
114957,GunQuest Playtest,1972790.0,0.0,False,,,,,,,True,False,False,,,,,,"19 Apr, 2022",,,
115044,Cascadence Playtest,3055890.0,0.0,False,,,,,,,True,False,False,,,,,,"4 Nov, 2024",,,
115063,Vista World Playtest,2408050.0,0.0,False,,,,,,,True,False,False,,Full controller support,,,,"18 Oct, 2024",,,
115205,Saloon Simulator Playtest,2018660.0,0.0,False,,,,,,,True,False,False,,,,,,"27 Jun, 2025",,,
115242,Outshine Playtest,2192870.0,0.0,False,,,,,,,True,False,False,,,,,,"16 Nov, 2022",,,
115247,Torchlight: Infinite Playtest,2125790.0,0.0,False,,,,,,,True,False,False,,,,,,"22 Dec, 2022",,,
115269,Idle Colony Playtest,2974090.0,0.0,False,,,,,,,True,False,False,,,,,,"3 May, 2024",,,
115329,九州风流 Playtest,1832800.0,0.0,False,,,,,,,True,False,False,,,,,,"21 Jul, 2022",,,
115457,Thrive: Heavy Lies The Crown Playtest,2105180.0,0.0,False,,,,,,,True,False,False,,,,,,"9 Aug, 2022",,,
115476,GUN &amp; BUCKLER Playtest,1739240.0,0.0,False,,,,,,,True,False,False,,,,,,"1 Oct, 2021",,,
115477,Big Ambitions Playtest,1648860.0,0.0,False,,,,,,,True,False,False,,,,,,"24 Jun, 2021",,,
115531,Invaderz Playtest,3645950.0,0.0,False,,,,,,,True,False,False,,,,,,"8 Apr, 2025",,,
115548,In Next Life Playtest,1775010.0,0.0,False,,,,,,,True,False,False,,,,,,"25 Nov, 2021",,,
115700,Warlord: Awaji Playtest,3149880.0,0.0,False,,,,,,,True,False,False,,,,,,"28 Sep, 2024",,,
115725,Nova Lands Playtest,2090060.0,0.0,False,,,,,,,True,False,False,,,,,,"19 Jul, 2022",,,
115731,Evil V Evil Playtest,2830620.0,0.0,False,,,,,,,True,False,False,,,,,,"13 Apr, 2024",,,
115737,Retrosurge Playtest,2441830.0,0.0,False,,,,,,,True,False,False,,,,,,"25 May, 2023",,,
115765,Seeker: My Shadow Playtest,1618650.0,0.0,False,,,,,,,True,False,False,,VR Only,,,,"4 May, 2021",,,
115866,Disaster Blaster Playtest,3579670.0,0.0,False,,,,,,,True,False,False,,,,,,"10 Mar, 2025",,,
115919,RailGods of Hysterra Playtest,3301600.0,0.0,False,,,,,,,True,False,False,,,,,,"20 Nov, 2024",,,
115947,Last Whisper Playtest,2553380.0,0.0,False,,,,,,,True,False,False,,,,,,"27 May, 2024",,,
115980,Reign of Guilds Playtest,2211700.0,0.0,False,,,,,,,True,False,False,,,,,,"16 Feb, 2024",,,
116036,All That Glitters Playtest,3416020.0,0.0,False,,,,,,,True,False,False,,,,,,"20 Dec, 2024",,,
116063,Man vs Cats Playtest,3528880.0,0.0,False,,,,,,,True,False,False,,,,,,,,,
116117,Bless You Again Playtest,3851580.0,0.0,False,,,,,,,True,False,False,,,,,,"13 Jul, 2025",,,
116145,Reversilly Playtest,1927060.0,0.0,False,,,,,,,True,False,False,,,,,,"17 Mar, 2022",,,
116147,Anomaly Agent Playtest,2523260.0,0.0,False,,,,,,,True,False,False,,,,,,"25 Jul, 2023",,,
116173,Drak(c)ula Playtest,2826640.0,0.0,False,,,,,,,True,False,False,,,,,,"25 Feb, 2025",,,
116275,Blueberry Playtest,1652100.0,0.0,False,,,,,,,True,False,False,,,,,,"31 Jul, 2021",,,
116279,Henry Halfhead Playtest,2368230.0,0.0,False,,,,,,,True,False,False,,,,,,"27 Mar, 2023",,,
116285,Thunder League Playtest,1946870.0,0.0,False,,,,,,,True,False,False,,,,,,"3 Apr, 2022",,,
116403,Autotag Playtest,2855370.0,0.0,False,,,,,,,True,False,False,,,,,,"2 Oct, 2024",,,
116423,Casino Resort Tower Playtest,2128800.0,0.0,False,,,,,,,True,False,False,,,,,,"22 Feb, 2023",,,
116440,Fireside Playtest,1726030.0,0.0,False,,,,,,,True,False,False,,,,,,"16 Aug, 2021",,,
116618,screamdown Playtest,2705730.0,0.0,False,,,,,,,True,False,False,,,,,,"16 Dec, 2023",,,
116680,巨石岛 Playtest,3809140.0,0.0,False,,,,,,,True,False,False,,,,,,"15 Jul, 2025",,,
116707,Light2Live Playtest,1735440.0,0.0,False,,,,,,,True,False,False,,,,,,"25 Aug, 2021",,,
116883,Day of the Shell Playtest,3092880.0,0.0,False,,,,,,,True,False,False,,,,,,"3 Jul, 2025",,,
116896,Torqued Up Playtest,1613400.0,0.0,False,,,,,,,True,False,False,,,,,,"28 May, 2021",,,
116961,Trigger of Time,3209780.0,0.0,False,,,,,,,True,False,False,,,,,,"4 Feb, 2025",,,
117016,Tactical Squad – SWAT Stories: Prologue Playtest,2473490.0,0.0,False,,,,,,,True,False,False,,,,,,"19 Aug, 2024",,,
117018,Espresso Tycoon Prologue: Underwater Playtest,2078550.0,0.0,False,,,,,,,True,False,False,,,,,,"19 Sep, 2022",,,
117216,Jock Studio Playtest,3382850.0,0.0,False,,,,,,,True,False,False,,,,,,,,,
117224,SimRail - The Railway Simulator Playtest,1841870.0,0.0,False,,,,,,,True,False,False,,,,,,"7 Dec, 2022",,,
117458,Realm Survivors Playtest,2954680.0,0.0,False,,,,,,,True,False,False,,,,,,"13 Sep, 2024",,,
117463,Hardcore Trivia Playtest,2003380.0,0.0,False,,,,,,,True,False,False,,,,,,"19 May, 2022",,,
117476,Human Fast Food Playtest,3287940.0,0.0,False,,,,,,,True,False,False,,,,,,"15 Dec, 2024",,,
117559,MIGHT'N MOW'EM | Multiplayer Test,2115750.0,0.0,False,,,,,,,True,False,False,,,,,,"12 Aug, 2022",,,
117654,Superfuse Playtest,2239270.0,0.0,False,,,,,,,True,False,False,,,,,,"25 Jan, 2023",,,
117679,Tower Dominion Playtest,3400480.0,0.0,False,,,,,,,True,False,False,,,,,,"13 Dec, 2024",,,
117697,SpaceCraft Brawl Playtest,2862180.0,0.0,False,,,,,,,True,False,False,,,,,,"26 Mar, 2024",,,
117717,3D Survivors Playtest,2667670.0,0.0,False,,,,,,,True,False,False,,,,,,"27 Oct, 2023",,,
117748,Swamp Up Playtest,2888620.0,0.0,False,,,,,,,True,False,False,,,,,,"15 Mar, 2024",,,
117788,Lightphobe Playtest,2128890.0,0.0,False,,,,,,,True,False,False,,,,,,"15 Jan, 2024",,,
117830,Instarion Playtest,2476440.0,0.0,False,,,,,,,True,False,False,,,,,,"22 Jan, 2025",,,
117968,Last Days of Lazarus Playtest,1964430.0,0.0,False,,,,,,,True,False,False,,,,,,"12 Apr, 2022",,,
117971,Gluck Playtest,2485780.0,0.0,False,,,,,,,True,False,False,,,,,,"4 Jul, 2023",,,
118080,Astro Prospector Playtest,3738150.0,0.0,False,,,,,,,True,False,False,,,,,,"3 Jun, 2025",,,
118081,Space War Economy Idle Playtest,3606220.0,0.0,False,,,,,,,True,False,False,,,,,,"3 May, 2025",,,
118119,Firefighting Simulator: Ignite Playtest,3829000.0,0.0,False,,,,,,,True,False,False,,,,,,"26 Jun, 2025",,,
118166,Cato Playtest,2601990.0,0.0,False,,,,,,,True,False,False,,,,,,"15 Sep, 2023",,,
118239,Dune: Awakening Beta Weekend,3624190.0,0.0,False,,,,,,,True,False,False,,,,203.0,,,,,
118244,Going Medieval Playtest,1612230.0,0.0,False,,,,,,,True,False,False,,,,,,"21 May, 2021",,,
118302,Hyper Flux Playtest,2841410.0,0.0,False,,,,,,,True,False,False,,,,,,"3 Jun, 2024",,,
118329,Arcane Wilds Playtest,2471560.0,0.0,False,,,,,,,True,False,False,,,,,,"15 Jun, 2023",,,
118332,Beer Factory Playtest,2604940.0,0.0,False,,,,,,,True,False,False,,,,,,"3 Jan, 2024",,,
118382,Crown Wars: The Black Prince Playtest,2654880.0,0.0,False,,,,,,,True,False,False,,,,,,"4 Dec, 2023",,,
118400,Firefighter Frankie Playtest,3647490.0,0.0,False,,,,,,,True,False,False,,,,,,"13 Apr, 2025",,,
118474,シャルドネロマンシア Playtest,1841650.0,0.0,False,,,,,,,True,False,False,,,,,,"15 Apr, 2022",,,
118496,Train Station Project Playtest,3112090.0,0.0,False,,,,,,,True,False,False,,,,,,"18 Feb, 2025",,,
118562,Daomei Village Playtest,2523050.0,0.0,False,,,,,,,True,False,False,,,,,,"27 May, 2024",,,
118624,Pixel Wars Playtest,2310510.0,0.0,False,,,,,,,True,False,False,,,,,,"17 Feb, 2023",,,
118703,Farm Manager World Playtest,2527560.0,0.0,False,,,,,,,True,False,False,,,,,,"5 Sep, 2023",,,
118750,Balloon prototype Playtest,2166270.0,0.0,False,,,,,,,True,False,False,,,,,,"19 Mar, 2023",,,
118849,Pill Puzzle Playtest,1629740.0,0.0,False,,,,,,,True,False,False,,,,,,"6 May, 2021",,,
118942,Practisim Designer Playtest,1702360.0,0.0,False,,,,,,,True,False,False,,,,,,"21 Jul, 2021",,,
119062,Beyond the Map Playtest,3251620.0,0.0,False,,,,,,,True,False,False,,,,,,,,,
119096,Goblin Camp Playtest,2711220.0,0.0,False,,,,,,,True,False,False,,,,,,"28 Nov, 2023",,,
119106,Somber Echoes Playtest,1811730.0,0.0,False,,,,,,,True,False,False,,,,,,"12 Aug, 2024",,,
119249,Interlinked Playtest,2769930.0,0.0,False,,,,,,,True,False,False,,,,,,"10 Jan, 2024",,,
119347,Mimesis Playtest,2520090.0,0.0,False,,,,,,,True,False,False,,,,,,"15 Aug, 2023",,,
119387,Wave Break Playtest,1470590.0,0.0,False,,,,,,,True,False,False,,,,,,"20 May, 2021",,,
119478,Haunted House Renovator Playtest,2715720.0,0.0,False,,,,,,,True,False,False,,,,,,"5 Apr, 2025",,,
119644,Robot Arena Survivors Playtest,2946690.0,0.0,False,,,,,,,True,False,False,,,,,,"22 Apr, 2024",,,
119648,Dark Prospect Playtest,1680360.0,0.0,False,,,,,,,True,False,False,,,,,,"21 Jul, 2021",,,
119649,与你相遇的那天是轮回高校的日常这也是合理的吗？ Playtest,1907220.0,0.0,False,,,,,,,True,False,False,,,,,,"6 Mar, 2022",,,
119652,Brave Nine Playtest,2482350.0,0.0,False,,,,,,,True,False,False,,,,,,"5 Jul, 2023",,,
119690,Chicken Fight Playtest,2389850.0,0.0,False,,,,,,,True,False,False,,,,,,"22 Apr, 2023",,,
119842,City of Beats Playtest,1608630.0,0.0,False,,,,,,,True,False,False,,,,,,"6 Dec, 2021",,,
120039,Demo Grounds Playtest,2160830.0,0.0,False,,,,,,,True,False,False,,,,,,"20 Jul, 2024",,,
120337,Xenopurge Playtest,3393650.0,0.0,False,,,,,,,True,False,False,,,,,,"10 Dec, 2024",,,
120341,Tangled Crisis Playtest,2714680.0,0.0,False,,,,,,,True,False,False,,,,,,"28 Nov, 2023",,,
120358,The Hidden Room Playtest,1772320.0,0.0,False,,,,,,,True,False,False,,,,,,"6 Dec, 2022",,,
120387,DinoLife Playtest,2104810.0,0.0,False,,,,,,,True,False,False,,,,,,"30 Jul, 2022",,,
120424,Forgotten Skies Playtest,2945760.0,0.0,False,,,,,,,True,False,False,,,,,,"26 Apr, 2024",,,
120433,System Under Surveillance Playtest,1719940.0,0.0,False,,,,,,,True,False,False,,,,,,"23 Sep, 2021",,,
120498,Call to Arms - Gates of Hell: Ostfront Playtest,1542950.0,0.0,False,,,,,,,True,False,False,,,,,,"27 Feb, 2021",,,
120539,Architect Life: A House Design Simulator Playtest,3682460.0,0.0,False,,,,,,,True,False,False,,,,,,"14 May, 2025",,,
120843,subROV Playtest,1652200.0,0.0,False,,,,,,,True,False,False,,,,,,"26 Feb, 2022",,,
120940,Stay Playtest,2761170.0,0.0,False,,,,,,,True,False,False,,,,,,"4 Jan, 2024",,,
120952,Rico-Ball Playtest,1472980.0,0.0,False,,,,,,,True,False,False,,,,,,"22 Dec, 2020",,,
120978,Yellow Trouble Playtest,3397920.0,0.0,False,,,,,,,True,False,False,,,,,,"23 May, 2025",,,
121027,Homestead Online Playtest,3239260.0,0.0,False,,,,,,,True,False,False,,,,,,"7 Oct, 2024",,,
121054,Echo of the Last Light Playtest,2388710.0,0.0,False,,,,,,,True,False,False,,,,,,"10 Apr, 2023",,,
121065,Grimstar: Crystals are the New Oil! Playtest,1831640.0,0.0,False,,,,,,,True,False,False,,,,,,"9 Jan, 2022",,,
121099,Millennium Strategy (Beta Test),3043610.0,0.0,False,,,,,,,True,False,False,,,,,,"16 Jun, 2025",,,
121147,Endeavor: Rite of Passage Playtest,2267390.0,0.0,False,,,,,,,True,False,False,,,,,,"29 Sep, 2024",,,
121180,Overlooting Playtest,3496760.0,0.0,False,,,,,,,True,False,False,,,,,,"3 Feb, 2025",,,
121245,Too Many Humans Playtest,1751840.0,0.0,False,,,,,,,True,False,False,,,,,,"22 Sep, 2021",,,
121286,Heroes Wanted Playtest,2675070.0,0.0,False,,,,,,,True,False,False,,,,,,"8 Nov, 2023",,,
121369,Spaceborne Fighters Playtest,3190940.0,0.0,False,,,,,,,True,False,False,,,,,,"31 Aug, 2024",,,
121474,Wall World Playtest,2214510.0,0.0,False,,,,,,,True,False,False,,,,,,"14 Dec, 2022",,,
121479,Dread Templar Playtest,1674930.0,0.0,False,,,,,,,True,False,False,,,,,,"1 Jul, 2021",,,
121494,光域 Playtest,3648850.0,0.0,False,,,,,,,True,False,False,,,,,,"18 Apr, 2025",,,
121496,Everdream Valley Playtest,2385440.0,0.0,False,,,,,,,True,False,False,,,,,,"16 Dec, 2023",,,
121519,Calm Cove Playtest,2967840.0,0.0,False,,,,,,,True,False,False,,,,,,"28 May, 2024",,,
121528,辐射之海2 Playtest,3648750.0,0.0,False,,,,,,,True,False,False,,,,,,"11 Apr, 2025",,,
121652,Horme Playtest,2245770.0,0.0,False,,,,,,,True,False,False,,,,,,"9 Dec, 2022",,,
121670,Computronium Playtest,3637320.0,0.0,False,,,,,,,True,False,False,,,,,,"2 May, 2025",,,
121793,Safe Cracker Playtest,3104060.0,0.0,False,,,,,,,True,False,False,,,,,,"20 Jul, 2024",,,
121809,Cozy Marbles Playtest,3015220.0,0.0,False,,,,,,,True,False,False,,,,,,"31 May, 2024",,,
121904,Grashers Playtest,2410990.0,0.0,False,,,,,,,True,False,False,,,,,,"29 Apr, 2023",,,
121906,Project Lonely Fish Playtest,1600520.0,0.0,False,,,,,,,True,False,False,,,,,,"29 Jun, 2021",,,
121941,100 Caliber Dash Playtest,3531320.0,0.0,False,,,,,,,True,False,False,,,,,,"18 Feb, 2025",,,
122000,Eternal Exodus Playtest,1857430.0,0.0,False,,,,,,,True,False,False,,,,,,"23 Dec, 2021",,,
122046,Exploria Playtest,1871360.0,0.0,False,,,,,,,True,False,False,,,,,,"12 Jan, 2022",,,
122106,Jasper Vice: Legends Untold Playtest,1920550.0,0.0,False,,,,,,,True,False,False,,,,,,"3 Jun, 2022",,,
122141,Trans-Siberian Railway Simulator Playtest,2500530.0,0.0,False,,,,,,,True,False,False,,,,,,"25 Aug, 2023",,,
122178,Beacon Patrol Playtest,3828580.0,0.0,False,,,,,,,True,False,False,,,,,,"18 Jul, 2025",,,
122204,Car Manufacture: Prologue Playtest,2556660.0,0.0,False,,,,,,,True,False,False,,,,,,"23 Aug, 2023",,,
122271,The Glitch Fairy Playtest,1828260.0,0.0,False,,,,,,,True,False,False,,,,,,"30 Sep, 2024",,,
122300,Nocturnal Survivors Playtest,3739010.0,0.0,False,,,,,,,True,False,False,,,,,,"20 May, 2025",,,
122315,Exfil Playtest,2838870.0,0.0,False,,,,,,,True,False,False,,,,,,"30 Sep, 2024",,,
122459,Dragonheir: Silent Gods Playtest,2245590.0,0.0,False,,,,,,,True,False,False,,,,,,"8 Dec, 2022",,,
122474,星源遗境 Playtest,3173840.0,0.0,False,,,,,,,True,False,False,,,,,,"26 Jan, 2025",,,
122516,Low-Budget Repairs Playtest,3550740.0,0.0,False,,,,,,,True,False,False,,,,,,"30 Jul, 2025",,,
122643,Rumble Club Playtest,2874930.0,0.0,False,,,,,,,True,False,False,,Partial Controller Support,,,,"21 Mar, 2024",,,
122692,Starship Simulator Playtest,2140240.0,0.0,False,,,,,,,True,False,False,,,,,,"3 Oct, 2022",,,
122696,"Smile, you're being filmed Playtest",2889860.0,0.0,False,,,,,,,True,False,False,,,,,,"19 Mar, 2024",,,
122731,黑巢姐妹 Playtest,2472110.0,0.0,False,,,,,,,True,False,False,,,,,,"6 Jul, 2023",,,
122783,Renown Playtest,3233760.0,0.0,False,,,,,,,True,False,False,,,,,,"5 Aug, 2025",,,
122827,Eat the Rich Playtest,3583020.0,0.0,False,,,,,,,True,False,False,,,,,,"13 Mar, 2025",,,
122905,Tangent Rush Playtest,1731540.0,0.0,False,,,,,,,True,False,False,,,,,,"1 Sep, 2021",,,
122941,Wild Woods Playtest,2542340.0,0.0,False,,,,,,,True,False,False,,,,,,"5 Dec, 2024",,,
123022,Light Bearers 2 Playtest,3167560.0,0.0,False,,,,,,,True,False,False,,,,,,"24 Dec, 2024",,,
123081,Wingspan Playtest,2466010.0,0.0,False,,,,,,,True,False,False,,,,,,"8 Apr, 2025",,,
123126,Go Up Playtest,3779240.0,0.0,False,,,,,,,True,False,False,,,,,,,,,
123299,Hunter's Arena: Revolution Playtest,3034310.0,0.0,False,,,,,,,True,False,False,,,,,,,,,
123348,Just Read The Instructions Playtest,2520990.0,0.0,False,,,,,,,True,False,False,,,,,,"28 Feb, 2024",,,
123416,Parallel Playtest,1863190.0,0.0,False,,,,,,,True,False,False,,,,,,"28 Mar, 2022",,,
123438,Urban Jungle Playtest,3378540.0,0.0,False,,,,,,,True,False,False,,,,,,"29 Jan, 2025",,,
123611,Grudge Playtest,2738570.0,0.0,False,,,,,,,True,False,False,,,,,,"15 Dec, 2023",,,
123678,Insomnia: Theater in the Head Playtest,2094330.0,0.0,False,,,,,,,True,False,False,,,,,,"12 Sep, 2022",,,
123796,Thanatophobia Playtest,2666690.0,0.0,False,,,,,,,True,False,False,,,,,,"15 Jan, 2024",,,
123845,SpellRogue Playtest,2082150.0,0.0,False,,,,,,,True,False,False,,,,,,"17 Aug, 2023",,,
123985,A.V.A Playtest,1487410.0,0.0,False,,,,,,,True,False,False,,,,,,"24 Nov, 2021",,,
124158,酒馆法师 Playtest,1776580.0,0.0,False,,,,,,,True,False,False,,,,,,"28 Jul, 2022",,,
124208,A Terrible Place Playtest,2310280.0,0.0,False,,,,,,,True,False,False,,VR Only,,,,"6 Feb, 2023",,,
124261,Vortle Playtest,1791440.0,0.0,False,,,,,,,True,False,False,,,,,,"19 Oct, 2021",,,
124289,After The Fall Playtest,1816790.0,0.0,False,,,,,,,True,False,False,,VR Only,,,,"25 Nov, 2021",,,
124375,Feed The Gods Playtest,3043240.0,0.0,False,,,,,,,True,False,False,,,,,,"27 Sep, 2024",,,
124446,Sonsgorod: The Archipelago Playtest,3154170.0,0.0,False,,,,,,,True,False,False,,,,,,"13 Aug, 2024",,,
124477,Silent Rain Playtest,3030990.0,0.0,False,,,,,,,True,False,False,,,,,,"9 Jun, 2024",,,
124800,Electro Havoc Playtest,3505950.0,0.0,False,,,,,,,True,False,False,,,,,,"13 Feb, 2025",,,
124851,Die After Sunset Playtest,1729760.0,0.0,False,,,,,,,True,False,False,,,,,,"20 Aug, 2021",,,
124900,Propnight Playtest,1743770.0,0.0,False,,,,,,,True,False,False,,,,,,"15 Oct, 2021",,,
124985,轮回修仙录 Playtest,3671530.0,0.0,False,,,,,,,True,False,False,,,,,,"13 May, 2025",,,
124999,Deep Rock Galactic: Survivor Playtest,2452430.0,0.0,False,,,,,,,True,False,False,,,,,,"2 Jun, 2023",,,
125086,NARAKA: BLADEPOINT Playtest,1584640.0,0.0,False,,,,,,,True,False,False,,,,,,"16 Apr, 2021",,,
125113,Wartales Playtest,1684620.0,0.0,False,,,,,,,True,False,False,,,,,,"8 Nov, 2021",,,
125145,Zaru Playtest,3246870.0,0.0,False,,,,,,,True,False,False,,,,,,"2 Oct, 2024",,,
125172,HOUND: AUTOMATON Playtest,3218830.0,0.0,False,,,,,,,True,False,False,,,,,,"26 Sep, 2024",,,
125257,BAPBAP Playtest,2700950.0,0.0,False,,,,,,,True,False,False,,,,,,"15 Feb, 2024",,,
125265,Orebody: Binder's Tale Playtest,2171000.0,0.0,False,,,,,,,True,False,False,,,,,,"29 Sep, 2022",,,
125325,SVSV Playtest,2816780.0,0.0,False,,,,,,,True,False,False,,,,,,"31 Jan, 2024",,,
125347,Biofusion Multiplayer Playtest,2434250.0,0.0,False,,,,,,,True,False,False,,VR Only,,,,"22 Aug, 2024",,,
125453,绿茵信仰 Playtest,1850170.0,0.0,False,,,,,,,True,False,False,,,,,,"13 Jan, 2022",,,
125524,Let's Cook Together 2 Playtest,1962460.0,0.0,False,,,,,,,True,False,False,,,,,,"21 Apr, 2022",,,
125625,Kingshunt Playtest,1469120.0,0.0,False,,,,,,,True,False,False,,,,,,"22 Sep, 2022",,,
125639,The Shadow Government Simulator Playtest,2001400.0,0.0,False,,,,,,,True,False,False,,,,,,"1 Jun, 2022",,,
125768,Song of Farca Playtest,1674550.0,0.0,False,,,,,,,True,False,False,,,,,,"6 Jul, 2021",,,
125785,弾幕月曜日終章 Playtest,2520720.0,0.0,False,,,,,,,True,False,False,,,,,,"23 Jul, 2023",,,
126006,Voxel Eras Playtest,3748370.0,0.0,False,,,,,,,True,False,False,,,,,,"16 Jul, 2025",,,
126031,Bolt & Whalington Playtest,3554910.0,0.0,False,,,,,,,True,False,False,,,,,,"11 Jun, 2025",,,
126124,Galactic Vault Playtest,3747160.0,0.0,False,,,,,,,True,False,False,,,,,,"25 Jul, 2025",,,
126128,Estate Empire Playtest,3104760.0,0.0,False,,,,,,,True,False,False,,,,,,"24 Jul, 2024",,,
126188,Blobbert and Tutorialbert Playtest,3693470.0,0.0,False,,,,,,,True,False,False,,,,,,"7 May, 2025",,,
126190,Steel Ocean Playtest,1937270.0,0.0,False,,,,,,,True,False,False,,,,,,"28 Mar, 2022",,,
126211,The Last Faith Playtest,2551600.0,0.0,False,,,,,,,True,False,False,,,,,,"14 Aug, 2023",,,
126214,Beat Bolt City Playtest,1511820.0,0.0,False,,,,,,,True,False,False,,VR Only,,,,"6 Jan, 2021",,,
126218,R.E.A.C.T Playtest,1878700.0,0.0,False,,,,,,,True,False,False,,,,,,"11 Mar, 2022",,,
126308,Brewpub Simulator Playtest,2213200.0,0.0,False,,,,,,,True,False,False,,,,,,"30 Nov, 2022",,,
126436,Deceive Inc. Playtest,2220430.0,0.0,False,,,,,,,True,False,False,,,,,,"10 Mar, 2023",,,
126461,Kingdom Of Galanor Playtest,1587580.0,0.0,False,,,,,,,True,False,False,,,,,,"28 Mar, 2021",,,
126626,Halo 3 Mod Tools - MCC,1695791.0,18.0,False,,343 Industries;Splash Damage;Ruffian Games;Bungie;Saber Interactive,,,,,True,False,False,,Single-player;Multi-player;PvP;Online PvP;LAN PvP;Co-op;Online Co-op;LAN Co-op;Cross-Platform Multiplayer;Steam Achievements;Full controller support;Steam Trading Cards;Remote Play on Phone;Remote Play on Tablet;Remote Play on TV;Family Sharing,Action,146.0,,"13 Oct, 2021",,,
126696,Check &amp; Clean Playtest,3241470.0,0.0,False,,,,,,,True,False,False,,,,,,"23 Sep, 2024",,,
126705,Carth Playtest,1638650.0,0.0,False,,,,,,,True,False,False,,,,,,"16 Dec, 2022",,,
126709,Leviathan Playtest,3310070.0,0.0,False,,,,,,,True,False,False,,,,,,"13 Dec, 2024",,,
126735,Nature Treks: Together Playtest,1678160.0,0.0,False,,,,,,,True,False,False,,VR Only,,,,"1 Jul, 2021",,,
126760,黄老饼梦游惊奇 Playtest,2026840.0,0.0,False,,,,,,,True,False,False,,,,,,"18 Jun, 2022",,,
126788,Sky Fleet Playtest,1469110.0,0.0,False,,,,,,,True,False,False,,,,,,"15 Apr, 2021",,,
126830,Shuffle Tactics Playtest,2458380.0,0.0,False,,,,,,,True,False,False,,,,,,"24 Jul, 2024",,,
126885,Project L33T Playtest,2866540.0,0.0,False,,,,,,,True,False,False,,,,,,"3 May, 2024",,,
126927,Origament: A Paper Adventure Playtest,3448470.0,0.0,False,,,,,,,True,False,False,,,,,,"1 Jul, 2025",,,
127013,Mithrall Playtest,3098230.0,0.0,False,,,,,,,True,False,False,,,,,,"2 May, 2025",,,
127040,SHPR playtest,2010480.0,0.0,False,,,,,,,True,False,False,,,,,,"10 Aug, 2022",,,
127060,Public Land Hunter Playtest,2259760.0,0.0,False,,,,,,,True,False,False,,,,,,"24 Dec, 2022",,,
127082,Outer Space: War Gears Playtest,2197880.0,0.0,False,,,,,,,True,False,False,,,,,,"29 Oct, 2022",,,
127146,Fish Chips and Bombs Playtest,3144940.0,0.0,False,,,,,,,True,False,False,,,,,,"3 Feb, 2025",,,
127202,Primate : Father of Universe Playtest,2121540.0,0.0,False,,,,,,,True,False,False,,,,,,"18 Aug, 2022",,,
127243,EPIC ZOMBIES Playtest,2926040.0,0.0,False,,,,,,,True,False,False,,,,,,"16 Mar, 2025",,,
127244,TETHER BRAWL Playtest,3168000.0,0.0,False,,,,,,,True,False,False,,,,,,"17 Aug, 2024",,,
127331,Rogue Waters Playtest,3240600.0,0.0,False,,,,,,,True,False,False,,,,,,"28 Sep, 2024",,,
127333,Forward: Escape the Fold Playtest,1816160.0,0.0,False,,,,,,,True,False,False,,,,,,"24 Nov, 2021",,,
127522,Operation Valor Playtest,1881820.0,0.0,False,,,,,,,True,False,False,,,,,,"12 Feb, 2022",,,
127658,Sephonie Playtest,1889090.0,0.0,False,,,,,,,True,False,False,,,,,,"1 Feb, 2022",,,
127878,Android Simulator Playtest,1968770.0,0.0,False,,,,,,,True,False,False,,,,,,"14 May, 2022",,,
127881,Orcs Must Die! Deathtrap Playtest,3272100.0,0.0,False,,,,,,,True,False,False,,,,,,"13 Nov, 2024",,,
127907,Heat or Die Playtest,3375240.0,0.0,False,,,,,,,True,False,False,,,,,,"4 Dec, 2024",,,
127956,MAKRANA Playtest,3353010.0,0.0,False,,,,,,,True,False,False,,,,,12.0,"2 Dec, 2024",,,
127964,Noble's Life: Kingdom Reborn Playtest,2152530.0,0.0,False,,,,,,,True,False,False,,,,,,"30 Nov, 2023",,,
128045,Battle Nations Playtest,3071510.0,0.0,False,,,,,,,True,False,False,,,,,,"30 May, 2025",,,
128136,Viking Frontiers Playtest,2627120.0,0.0,False,,,,,,,True,False,False,,,,,,"15 Jan, 2024",,,
128172,Oscuro Blossom's Glow Playtest,3440050.0,0.0,False,,,,,,,True,False,False,,,,,,"10 Jan, 2025",,,
128212,Under Par Golf Architect Playtest,3680010.0,0.0,False,,,,,,,True,False,False,,,,,,"6 Jun, 2025",,,
128258,Farmer's Life Playtest,2604620.0,0.0,False,,,,,,,True,False,False,,,,,,"19 Oct, 2023",,,
128279,Train Valley Origins Playtest,3465040.0,0.0,False,,,,,,,True,False,False,,,,,,"28 Mar, 2025",,,
128337,Gambonanza Playtest,3842920.0,0.0,False,,,,,,,True,False,False,,,,,,"11 Jul, 2025",,,
128427,Maid Survivors : Little Angels Playtest,3603990.0,0.0,False,,,,,,,True,False,False,,,,,,"12 Apr, 2025",,,
128445,Sanguo's Ambition 4 :Three Kingdoms Playtest,2527740.0,0.0,False,,,,,,,True,False,False,,,,,,"28 Sep, 2023",,,
128494,Neon Abyss 2 Playtest,2277330.0,0.0,False,,,,,,,True,False,False,,,,,,,,,
128523,Seconds Till Destruction Playtest,3127840.0,0.0,False,,,,,,,True,False,False,,,,,,"25 Jul, 2024",,,
128718,TinyAttack Playtest,1482260.0,0.0,False,,,,,,,True,False,False,,,,,,"31 May, 2021",,,
128831,Down Fast VR Playtest,1956880.0,0.0,False,,,,,,,True,False,False,,VR Only,,,,"9 Apr, 2022",,,
128932,Kismet Playtest,3421210.0,0.0,False,,,,,,,True,False,False,,,,,,,,,
128961,东方有顶天梦 Playtest,1686320.0,0.0,False,,,,,,,True,False,False,,,,,,"5 Jul, 2021",,,
128972,Milita Aventuro Playtest,2169650.0,0.0,False,,,,,,,True,False,False,,,,,,"29 Sep, 2022",,,
129032,OctoRaid VR Playtest,1857440.0,0.0,False,,,,,,,True,False,False,,VR Supported,,,,"19 Oct, 2022",,,
129124,nanos world™ Playtest,2189700.0,0.0,False,,,,,,,True,False,False,,,,,,"25 Oct, 2023",,,
129126,I AM DOG Playtest,2897200.0,0.0,False,,,,,,,True,False,False,,,,,,"30 May, 2024",,,
129162,World of Tanks Blitz Playtest,3341250.0,0.0,False,,,,,,,True,False,False,,,,,,"23 May, 2025",,,
129242,The Lost Penguin Playtest,3129260.0,0.0,False,,,,,,,True,False,False,,,,,,"26 Jul, 2024",,,
129397,Black Skylands Playtest,1484490.0,0.0,False,,,,,,,True,False,False,,,,,,"10 Mar, 2021",,,
129402,Thin Wick Playtest,1624200.0,0.0,False,,,,,,,True,False,False,,,,,,"3 May, 2021",,,
129453,Zombie Epoch:Deck Apocalypse Playtest,3643360.0,0.0,False,,,,,,,True,False,False,,,,,,"9 Apr, 2025",,,
129495,Offroad Mechanic Simulator Playtest,2050940.0,0.0,False,,,,,,,True,False,False,,,,,,"27 Jul, 2022",,,
129504,Cryptis Playtest,2764930.0,0.0,False,,,,,,,True,False,False,,,,,,"12 Jan, 2024",,,
129580,Crab God Playtest,2981890.0,0.0,False,,,,,,,True,False,False,,,,,,"24 May, 2024",,,
129783,Torches of Fate Playtest,2286640.0,0.0,False,,,,,,,True,False,False,,,,,,"19 Jan, 2023",,,
129840,The Dusk Alliance Playtest,2410120.0,0.0,False,,Null Moon Games,Null Moon Games,,,,True,False,False,,Single-player;Multi-player;Co-op;Online Co-op;Full controller support,Action;Adventure,,,"16 May, 2023",,,
129856,Solargene Playtest,1794940.0,0.0,False,,,,,,,True,False,False,,,,,,"22 Oct, 2021",,,
129879,Avakin Life Playtest,3549450.0,0.0,False,,,,,,,True,False,False,,,,,,"11 Jul, 2025",,,
129944,Voodolls Playtest,2144860.0,0.0,False,,,,,,,True,False,False,,,,,,"23 Mar, 2023",,,
129989,Insula: Bounty Royale Playtest,1683840.0,0.0,False,,,,,,,True,False,False,,,,,,"7 Jul, 2021",,,
130006,Dominance Playtest,2179540.0,0.0,False,,,,,,,True,False,False,,,,,,"22 Dec, 2022",,,
130009,Pillazon: MMO Drug Lord Tycoon Playtest,2219010.0,0.0,False,,,,,,,True,False,False,,,,,,"15 Dec, 2022",,,
130035,En Garde! Playtest,2382500.0,0.0,False,,,,,,,True,False,False,,,,,,"5 Apr, 2023",,,
130054,Battle Map Studio Playtest,1538020.0,0.0,False,,,,,,,True,False,False,,,,,,"1 Sep, 2021",,,
130140,灵异校园 Playtest,2281830.0,0.0,False,,,,,,,True,False,False,,,,,,"18 Jan, 2023",,,
130157,Artovya Playtest,3070170.0,0.0,False,,,,,,,True,False,False,,,,,,"15 Jul, 2024",,,
130158,Candy Disaster: TrapMaster Playtest,2368960.0,0.0,False,,,,,,,True,False,False,,,,,,"28 Oct, 2023",,,
130207,Jump Ship Playtest,2452700.0,0.0,False,,,,,,,True,False,False,,,,,,"10 Dec, 2024",,,
130231,残音系少年少女 Playtest,3863900.0,0.0,False,,,,,,,True,False,False,,,,,,"11 Jul, 2025",,,
130235,Project Genesis Playtest,1469760.0,0.0,False,,,,,,,True,False,False,,,,,,"21 Jan, 2022",,,
130246,Crime Simulator Playtest,2922160.0,0.0,False,,,,,,,True,False,False,,,,,,"13 May, 2025",,,
130252,Siegecaster Playtest,3670520.0,0.0,False,,,,,,,True,False,False,,,,,,"25 Apr, 2025",,,
130285,Gridform Playtest,1669630.0,0.0,False,,,,,,,True,False,False,,,,,,"9 Jul, 2021",,,
130318,Haunted: Attack of the Dead Men Playtest,3039740.0,0.0,False,,,,,,,True,False,False,,,,,,"12 Jun, 2024",,,
130324,Tiny Auto Knights Playtest,3457220.0,0.0,False,,,,,,,True,False,False,,,,,,"17 Jan, 2025",,,
130374,HELLFRONT: HONEYMOON Playtest,2891590.0,0.0,False,,,,,,,True,False,False,,,,,,"4 Apr, 2024",,,
130426,WHALIEN Playtest,1530700.0,0.0,False,,,,,,,True,False,False,,,,,,"11 Aug, 2021",,,
130433,BaroMaro Playtest,2988730.0,0.0,False,,,,,,,True,False,False,,,,,,"18 Jun, 2024",,,
130447,LifeDev Playtest,3616500.0,0.0,False,,,,,,,True,False,False,,,,,,,,,
130483,Pluto Lost Its Colors Playtest,3513140.0,0.0,False,,,,,,,True,False,False,,,,,,"14 Feb, 2025",,,
130503,Mirror Layers Playtest,1750250.0,0.0,False,,,,,,,True,False,False,,,,,,"8 Sep, 2021",,,
130619,Gobutiko Playtest,3736650.0,0.0,False,,,,,,,True,False,False,,,,,,"11 Jun, 2025",,,
130671,Wormhole Adventurer Playtest,1977140.0,0.0,False,,,,,,,True,False,False,,,,,,"28 Apr, 2022",,,
130719,Animal Defense Versus Playtest,1654240.0,0.0,False,,,,,,,True,False,False,,,,,,"15 Oct, 2021",,,
130977,Highrise City Playtest,1849830.0,0.0,False,,,,,,,True,False,False,,,,,,"26 Jan, 2022",,,
131026,The Frontier: Woodlands Playtest,1625030.0,0.0,False,,,,,,,True,False,False,,,,,,"4 May, 2021",,,
131308,Felon-E Playtest,3037640.0,0.0,False,,,,,,,True,False,False,,,,,,"4 Sep, 2024",,,
131375,矩阵：零日危机 Playtest,3201860.0,0.0,False,,,,,,,True,False,False,,,,,,"8 Jul, 2025",,,
131483,Shop Simulator: Waifu Pillows Playtest,3363490.0,0.0,False,,,,,,,True,False,False,,,,,,"20 Jan, 2025",,,
131490,Backrooms Media Playtest,3075280.0,0.0,False,,,,,,,True,False,False,,,,,,"20 Feb, 2025",,,
131512,Terra Ventura Playtest,1720550.0,0.0,False,,,,,,,True,False,False,,,,,,"16 Dec, 2021",,,
131539,Hell Clock Playtest,3349160.0,0.0,False,,,,,,,True,False,False,,,,,,"4 Dec, 2024",,,
131571,Knighthood : Dawn of Heroes Playtest,3702180.0,0.0,False,,,,,,,True,False,False,,,,,,,,,
131596,no brake no gain Playtest,3610550.0,0.0,False,,,,,,,True,False,False,,,,,,,,,
131677,Speechbound - A Language RPG Playtest,2545800.0,0.0,False,,,,,,,True,False,False,,,,,,"18 Jul, 2025",,,
131694,Tricky Tracks - Early Access Playtest,2249610.0,0.0,False,,,,,,,True,False,False,,,,,,"15 Dec, 2022",,,
131753,Tower Networking Inc. Playtest,3191870.0,0.0,False,,,,,,,True,False,False,,,,,,"4 Sep, 2024",,,
131805,OUTLAWED Playtest,3480730.0,0.0,False,,,,,,,True,False,False,,,,,,"8 Mar, 2025",,,
132099,Chasm Bound Playtest,2433570.0,0.0,False,,,,,,,True,False,False,,,,,,"24 May, 2023",,,
132113,The Galactic Junkers Playtest,2012050.0,0.0,False,,,,,,,True,False,False,,,,,,"27 May, 2022",,,
132285,From Warrior to Hero (Idle 3D RPG) Playtest,1855530.0,0.0,False,,,,,,,True,False,False,,,,,,"27 Jan, 2022",,,
132355,大家一起冲冲冲 Playtest,3157840.0,0.0,False,,,,,,,True,False,False,,,,,,"20 Aug, 2024",,,
132410,Espresso Tycoon Playtest,1866140.0,0.0,False,,,,,,,True,False,False,,,,,,"14 Aug, 2023",,,
132449,Kaiserpunk Playtest,3098760.0,0.0,False,,,,,,,True,False,False,,,,,,"29 Nov, 2024",,,
132472,Cosmic Horror Tales Playtest,2857660.0,0.0,False,,,,,,,True,False,False,,,,,,"1 Mar, 2024",,,
132628,Chrono Hunter Playtest,2441140.0,0.0,False,,,,,,,True,False,False,,VR Only,,,,"2 Oct, 2023",,,
132752,Age of Ascent Playtest,1745230.0,0.0,False,,,,,,,True,False,False,,,,,,"10 Mar, 2022",,,
132803,Drift Playtest,2258400.0,0.0,False,,,,,,,True,False,False,,,,,,"28 Dec, 2022",,,
132825,Project Saturn Playtest,3078220.0,0.0,False,,,,,,,True,False,False,,Full controller support,,,,"6 Aug, 2024",,,
132874,Pirate Commander Playtest,2829460.0,0.0,False,,,,,,,True,False,False,,,,,,"12 Feb, 2025",,,
132889,World of Retailing Playtest,2002090.0,0.0,False,,,,,,,True,False,False,,,,,,"16 May, 2022",,,
132896,异星前哨 Playtest,1663190.0,0.0,False,,,,,,,True,False,False,,,,,,"10 Oct, 2021",,,
133027,Cubetory Playtest,3377580.0,0.0,False,,,,,,,True,False,False,,,,,,"15 Jan, 2025",,,
133100,BEAT AIMER! Playtest,2124430.0,0.0,False,,,,,,,True,False,False,,,,,,"7 Feb, 2023",,,
133179,Unfeigned Depths Playtest,3274740.0,0.0,False,,,,,,,True,False,False,,,,,,"10 Oct, 2024",,,
133229,Valor Of Man Playtest,3211550.0,0.0,False,,,,,,,True,False,False,,,,,,"9 Sep, 2024",,,
133371,Exterminate Zombies: Get Paid Playtest,2123670.0,0.0,False,,,,,,,True,False,False,,,,,,"24 Aug, 2022",,,
133454,The Last Castle Playtest,2364060.0,0.0,False,,,,,,,True,False,False,,,,,,"23 Mar, 2023",,,
133472,Crystal Raiders VR Playtest,1614820.0,0.0,False,,,,,,,True,False,False,,VR Only,,,,"25 Apr, 2021",,,
133481,War Robots: Frontiers | Playtest,3228190.0,0.0,False,,,,,,,True,False,False,,,,,,"15 May, 2025",,,
133662,POLARIS™ Playtest,3168040.0,0.0,False,,,,,,,True,False,False,,,,,,"24 Oct, 2024",,,
133719,香恋Ready！ Playtest,3250170.0,0.0,False,,,,,,,True,False,False,,,,,,"17 Jan, 2025",,,
133759,X-Mode Playtest,2391030.0,0.0,False,,,,,,,True,False,False,,,,,21.0,"4 Apr, 2025",,,
133804,Roach Race Playtest,3820520.0,0.0,False,,,,,,,True,False,False,,,,,,"21 Jun, 2025",,,
133832,Feed the Deep Playtest,2364850.0,0.0,False,,,,,,,True,False,False,,,,,,"24 Mar, 2023",,,
133906,SimplePlanes VR Playtest,1796680.0,0.0,False,,,,,,,True,False,False,,VR Only,,,,"26 Oct, 2021",,,
133942,Bugz Bows & Curses Playtest,2109990.0,0.0,False,,,,,,,True,False,False,,,,,,"16 Aug, 2022",,,
133965,ChibiTama Playtest,2098240.0,0.0,False,,,,,,,True,False,False,,,,,,"25 Jul, 2022",,,
134010,Gemmiferous Playtest,3692280.0,0.0,False,,,,,,,True,False,False,,,,,,"29 Apr, 2025",,,
134019,Trade Conquest Playtest,3205890.0,0.0,False,,,,,,,True,False,False,,,,,,"19 Apr, 2025",,,
134057,Deficiency Playtest,3537840.0,0.0,False,,,,,,,True,False,False,,,,,,"8 Mar, 2025",,,
134088,CritterGarden Playtest,2724970.0,0.0,False,,,,,,,True,False,False,,,,,,"6 Dec, 2023",,,
134265,DUCKSIDE Playtest,2887860.0,0.0,False,,,,,,,True,False,False,,,,,,"12 Sep, 2024",,,
134270,Numina Playtest,1782990.0,0.0,False,,,,,,,True,False,False,,,,,,"20 Oct, 2021",,,
134475,GunWorld VR Playtest,1711320.0,0.0,False,,,,,,,True,False,False,,VR Only,,,,"11 Aug, 2021",,,
134835,Phantom Spark Playtest,2815230.0,0.0,False,,,,,,,True,False,False,,,,,,"19 Feb, 2024",,,
134838,Sunken Veins Playtest,3231210.0,0.0,False,,,,,,,True,False,False,,,,,,"23 Dec, 2024",,,
134975,Wildmender Playtest,2540470.0,0.0,False,,,,,,,True,False,False,,,,,,"25 Aug, 2023",,,
134985,Train Game Playtest,3721770.0,0.0,False,,,,,,,True,False,False,,,,,,"13 May, 2025",,,
135033,Nightingale Playtest,2702360.0,0.0,False,,,,,,,True,False,False,,,,,,"9 Jan, 2024",,,
135045,Deadly Days: Roadtrip Playtest,3142530.0,0.0,False,,,,,,,True,False,False,,Full controller support,,,,"20 May, 2025",,,
135073,Autopsy Simulator Playtest,1827580.0,0.0,False,,,,,,,True,False,False,,,,,,"14 Dec, 2021",,,
135105,Stardrytch Playtest,1737650.0,0.0,False,,,,,,,True,False,False,,,,,,"14 Sep, 2021",,,
135108,Rock Hoppers Playtest,2107890.0,0.0,False,,,,,,,True,False,False,,,,,,"3 Aug, 2022",,,
135121,Eggo Playtest,3823470.0,0.0,False,,,,,,,True,False,False,,,,,,"3 Jul, 2025",,,
135268,Skopje Playtest,3457710.0,0.0,False,,,,,,,True,False,False,,,,,,"10 Jul, 2025",,,
135288,Greed is Good Playtest,2452310.0,0.0,False,,,,,,,True,False,False,,,,,,"20 Sep, 2023",,,
135310,Babette Playtest,3200170.0,0.0,False,,,,,,,True,False,False,,,,,,"20 Sep, 2024",,,
135337,Cyberpulse Playtest,1921820.0,0.0,False,,,,,,,True,False,False,,,,,,"16 May, 2024",,,
135344,CabbageBall Playtest,2713510.0,0.0,False,,,,,,,True,False,False,,,,,,"23 Dec, 2023",,,
135392,Ghosts of Tabor Playtest,2003160.0,0.0,False,,,,,,,True,False,False,,VR Only,,,,"20 Mar, 2023",,,
135603,Deconstruction Simulator Playtest,2765660.0,0.0,False,,,,,,,True,False,False,,,,,,"16 May, 2024",,,
135617,Evercore Heroes Playtest,3124510.0,0.0,False,,,,,,,True,False,False,,,,,,"22 Aug, 2024",,,
135740,Heroic Aegisio: Origins Playtest,3684180.0,0.0,False,,,,,,,True,False,False,,,,,,"21 Jul, 2025",,,
135795,Assimilate! (A Party Game) Playtest,1480150.0,0.0,False,,,,,,,True,False,False,,,,,,"9 Mar, 2021",,,
135824,Dale &amp; Dawson Stationery Supplies Playtest,2937270.0,0.0,False,,,,,,,True,False,False,,,,,,"21 Jul, 2024",,,
135885,Carbon Playtest,3199580.0,0.0,False,,,,,,,True,False,False,,,,,,"1 Sep, 2024",,,
135920,Gigantic: Rampage Edition Playtest,2699000.0,0.0,False,,,,,,,True,False,False,,,,,,"22 Feb, 2024",,,
135951,Potion Craft Playtest,1497130.0,0.0,False,,,,,,,True,False,False,,,,,,"30 Jul, 2021",,,
135959,RACE On,8780.0,0.0,False,,SimBin,SimBin,CAD,8.79,8.79,True,False,False,,Single-player;Multi-player,Racing,,,"16 Oct, 2009",,,
135964,Knighted Playtest,1636820.0,0.0,False,,,,,,,True,False,False,,,,,,"22 May, 2021",,,
136030,Shop Simulator Pet Shop Playtest,3260050.0,0.0,False,,,,,,,True,False,False,,,,,,"12 Oct, 2024",,,
136118,Bodycam Playtest,2746700.0,0.0,False,,,,,,,True,False,False,,,,,,"31 May, 2024",,,
136158,Viking Frontiers: Prologue Playtest,3269100.0,0.0,False,,,,,,,True,False,False,,,,,,"20 Dec, 2024",,,
136194,Crime Boss: Rockay City Playtest,3021730.0,0.0,False,,,,,,,True,False,False,,,,,,"16 Jun, 2024",,,
136199,Sword Hero Playtest,2352760.0,0.0,False,,,,,,,True,False,False,,,,,,"27 Apr, 2024",,,
136244,EndlessAlice Playtest,2932300.0,0.0,False,,,,,,,True,False,False,,,,,,"5 Dec, 2024",,,
136368,科科洛英雄传 Playtest,3336980.0,0.0,False,,,,,,,True,False,False,,,,,,"13 Dec, 2024",,,
136445,Bronana Playtest,2536630.0,0.0,False,,,,,,,True,False,False,,,,,,"14 Sep, 2024",,,
136530,Wirewalk()↳ Playtest,1645000.0,0.0,False,,,,,,,True,False,False,,,,,,"23 May, 2021",,,
136541,Eggsplosion Playtest,2501290.0,0.0,False,,,,,,,True,False,False,,,,,,"19 Aug, 2023",,,
136692,スイカ盛り Playtest,2690850.0,0.0,False,,,,,,,True,False,False,,,,,,"4 Dec, 2023",,,
136826,Farmer's Father: Save the Innocence Playtest,2620970.0,0.0,False,,,,,,,True,False,False,,,,,,"20 Dec, 2023",,,
136863,BattleHeights Playtest,3320560.0,0.0,False,,,,,,,True,False,False,,,,,,"4 Dec, 2024",,,
136892,5 Min Space Battle Playtest,3759260.0,0.0,False,,,,,,,True,False,False,,,,,,"26 Jun, 2025",,,
136936,Relic Hunters Legend Closed Beta,1690430.0,0.0,False,,,,,,,True,False,False,,,,,,"13 Apr, 2023",,,
136973,Fall Into Insanity Playtest,2459110.0,0.0,False,,,,,,,True,False,False,,,,,,"23 Jan, 2024",,,
137034,PonPonTown Playtest,3825570.0,0.0,False,,,,,,,True,False,False,,,,,,"22 Jun, 2025",,,
137136,GUN KING Playtest,2941680.0,0.0,False,,,,,,,True,False,False,,,,,,"26 Apr, 2024",,,
137213,Outrage Playtest,2571530.0,0.0,False,,,,,,,True,False,False,,,,,,"29 Aug, 2023",,,
137277,The Tau Ceti Terminus Playtest,1647680.0,0.0,False,,,,,,,True,False,False,,VR Only,,,,"26 May, 2021",,,
137286,Inout Playtest,2379920.0,0.0,False,,,,,,,True,False,False,,,,,,"31 Mar, 2023",,,
137299,NOeSIS Impermanence Test,1855000.0,0.0,False,,,,,,,True,False,False,,,,,,"22 Dec, 2021",,,
137302,风旅人 Playtest,3616820.0,0.0,False,,,,,,,True,False,False,,,,,,"28 Mar, 2025",,,
137314,The Cruel Dreamer Marchosias Playtest,1911810.0,0.0,False,,,,,,,True,False,False,,,,,,"18 Feb, 2022",,,
137353,Setback Playtest,1614930.0,0.0,False,,,,,,,True,False,False,,,,,,,,,
137360,Egg Defense Playtest,2866040.0,0.0,False,,,,,,,True,False,False,,,,,,"1 Mar, 2024",,,
137405,Hearts 3D Premium Playtest,2948270.0,0.0,False,,,,,,,True,False,False,,,,,,"29 Apr, 2024",,,
137441,Enhanced Playtest,3758840.0,0.0,False,,,,,,,True,False,False,,,,,,,,,
137514,Soul Taker Playtest,2256070.0,0.0,False,,,,,,,True,False,False,,,,,,"19 Dec, 2022",,,
137523,ALL Chess playtest,2511880.0,0.0,False,,,,,,,True,False,False,,,,,,"21 Jul, 2023",,,
137619,Chumini: Tiny Army Playtest,3386960.0,0.0,False,,,,,,,True,False,False,,,,,,"13 Dec, 2024",,,
137649,Highland Panic Playtest,2462680.0,0.0,False,,,,,,,True,False,False,,,,,,"7 Jun, 2023",,,
137664,Bubble Wrap Playtest,2889300.0,0.0,False,,,,,,,True,False,False,,,,,,"17 Mar, 2024",,,
137715,The Amazing American Circus Playtest,1622860.0,0.0,False,,,,,,,True,False,False,,,,,,"19 May, 2021",,,
137736,Spaceship Tactics Playtest,3105930.0,0.0,False,,,,,,,True,False,False,,,,,,"18 Jul, 2024",,,
137776,Fableverse Playtest,2280400.0,0.0,False,,,,,,,True,False,False,,,,,,"27 Nov, 2023",,,
137783,Mordfield Playtest,3043850.0,0.0,False,,,,,,,True,False,False,,,,,,"18 Jun, 2024",,,
137828,Speed Surge Playtest,3667540.0,0.0,False,,,,,,,True,False,False,,,,,,"10 May, 2025",,,
138005,Chocolate Factory Simulator Playtest,2868700.0,0.0,False,,,,,,,True,False,False,,,,,,"4 Apr, 2024",,,
138039,Giltsteader Playtest,2866680.0,0.0,False,,,,,,,True,False,False,,,,,,"6 Mar, 2024",,,
138043,Few Shall Return Playtest,3646710.0,0.0,False,,,,,,,True,False,False,,,,,,"9 May, 2025",,,
138046,The End of Dyeus Playtest,1612990.0,0.0,False,,,,,,,True,False,False,,,,,,"12 May, 2021",,,
138079,Dice with the Devil 2 Playtest,2972620.0,0.0,False,,,,,,,True,False,False,,,,,,"6 May, 2024",,,
138132,The Whims of the Gods Playtest,3297480.0,0.0,False,,,,,,,True,False,False,,,,,,"8 Apr, 2025",,,
138148,Seasons of Rocco Playtest,2740050.0,0.0,False,,,,,,,True,False,False,,,,,,"22 Dec, 2023",,,
138234,Celtic Heroes Playtest,3315780.0,0.0,False,,,,,,,True,False,False,,,,,,"18 Apr, 2025",,,
138293,aton Playtest,1744190.0,0.0,False,,,,,,,True,False,False,,,,,,"7 Sep, 2021",,,
138424,RetroArch Playtest,1472070.0,0.0,False,,,,,,,True,False,False,,,,,,"17 Nov, 2020",,,
138479,BattlePark Playtest,2916710.0,0.0,False,,,,,,,True,False,False,,,,,,"15 Apr, 2025",,,
138578,Autogun Heroes Playtest,3535420.0,0.0,False,,,,,,,True,False,False,,,,,,"7 Mar, 2025",,,
138580,The Monster Breeder Playtest,1862040.0,0.0,False,,,,,,,True,False,False,,,,,,"3 Jan, 2022",,,
138596,Unlock the Three Playtest,2843000.0,0.0,False,,,,,,,True,False,False,,,,,,"10 Apr, 2024",,,
138879,哇咔纳传说 Playtest,2571630.0,0.0,False,,,,,,,True,False,False,,,,,,"31 Aug, 2023",,,
138959,Hexahedra Playtest,1679110.0,0.0,False,,,,,,,True,False,False,,,,,,"12 Dec, 2022",,,
138972,Weirdo Playtest,3034240.0,0.0,False,,,,,,,True,False,False,,,,,,"11 Dec, 2024",,,
138975,Emplacement Playtest,2720800.0,0.0,False,,,,,,,True,False,False,,,,,,"5 Dec, 2023",,,
139022,Cris Tales Playtest,1657480.0,0.0,False,,,,,,,True,False,False,,,,,,"8 Oct, 2021",,,
139059,Lonelight Playtest,3804830.0,0.0,False,,,,,,,True,False,False,,,,,,"11 Jun, 2025",,,
139060,BattleBit Remastered Playtest,1611740.0,0.0,False,,,,,,,True,False,False,,,,,,"13 Jan, 2022",,,
139111,AE: Gaming Grid Playtest,2684570.0,0.0,False,,,,,,,True,False,False,,,,,,"21 Nov, 2023",,,
139122,Virtua Fighter 5 R.E.V.O. Open β,3283250.0,0.0,False,,,,,,,True,False,False,,,,,,"12 Dec, 2024",,,
139148,Bully Ball Soccer Playtest,2922780.0,0.0,False,,,,,,,True,False,False,,,,,,"8 Apr, 2024",,,
139410,Elemental War 2 Playtest,1813960.0,0.0,False,,,,,,,True,False,False,,,,,,"21 Jan, 2022",,,
139502,Escape: Left to die Playtest,2914410.0,0.0,False,,,,,,,True,False,False,,,,,,"18 Jun, 2024",,,
139677,Go-Go Town! Playtest,2449070.0,0.0,False,,,,,,,True,False,False,,,,,,"25 May, 2023",,,
139735,Hyperion: Champions of Light Playtest,3018010.0,0.0,False,,,,,,,True,False,False,,,,,,,,,
139753,Wildgate Community Preview,3504830.0,0.0,False,,,,,,,True,False,False,,Full controller support,,,,"Mar 10, 2025",,,
140034,ZENOMATRIX Playtest,3631370.0,0.0,False,,,,,,,True,False,False,,,,,,,,,
140088,RunOut Playtest,2936770.0,0.0,False,,,,,,,True,False,False,,,,,,"31 Jan, 2025",,,
140122,Elements Divided Playtest,3601110.0,0.0,False,,,,,,,True,False,False,,VR Only,,,,"11 Apr, 2025",,,
140132,LIV Playtest,2460740.0,0.0,False,,,,,,,True,False,False,,VR Only,,,,"29 Feb, 2024",,,
140202,Spider Bounce Playtest,3468740.0,0.0,False,,,,,,,True,False,False,,,,,,"17 Feb, 2025",,,
140214,Gods Of Defense Playtest,2155610.0,0.0,False,,,,,,,True,False,False,,,,,,"30 Nov, 2022",,,
140224,Liquidation Playtest,1657260.0,0.0,False,,,,,,,True,False,False,,,,,,"20 Jan, 2025",,,
140228,Coreborn: Nations of the Ultracore Open Beta Playtest,2315340.0,0.0,False,,,,,,,True,False,False,,,,,,"31 May, 2023",,,
140249,Roll for Life Playtest,2635780.0,0.0,False,,,,,,,True,False,False,,,,,,"6 Oct, 2023",,,
140385,Inkshade Playtest,3189620.0,0.0,False,,,,,,,True,False,False,,,,,,"6 Nov, 2024",,,
140406,Viking City Builder Playtest,1864130.0,0.0,False,,,,,,,True,False,False,,,,,,"14 Feb, 2022",,,
140426,Despair: Blood Curse Playtest,2454090.0,0.0,False,,,,,,,True,False,False,,,,,,"30 May, 2023",,,
140438,Battle of Guardians Playtest,2293950.0,0.0,False,,,,,,,True,False,False,,,,,,"30 Aug, 2023",,,
140533,SWORN Playtest,1879840.0,0.0,False,,,,,,,True,False,False,,,,,,"16 Jan, 2025",,,
140534,PAIN-TO-WIN Playtest,3544790.0,0.0,False,,,,,,,True,False,False,,,,,,"9 May, 2025",,,
140585,Flavors of Desires Playtest,3433130.0,0.0,False,,,,,,,True,False,False,,,,,,"8 Jan, 2025",,,
140590,Curse of Dominion Playtest,3813540.0,0.0,False,,,,,,,True,False,False,,,,,,"13 Jun, 2025",,,
140709,Granblue Fantasy Versus: Rising Playtest,2674820.0,0.0,False,,,,,,,True,False,False,,,,,,"8 Nov, 2023",,,
140730,Operation Athena Playtest,3329280.0,0.0,False,,,,,,,True,False,False,,,,,,"22 Nov, 2024",,,
140739,Knights vs Nature Playtest,2094510.0,0.0,False,,,,,,,True,False,False,,,,,,"12 Aug, 2022",,,
140755,Float 飘 Playtest,2378740.0,0.0,False,,,,,,,True,False,False,,,,,,"5 Apr, 2023",,,
140805,Paladin's Passage Playtest,1952680.0,0.0,False,,,,,,,True,False,False,,,,,,"31 Mar, 2022",,,
140920,King of Meat Playtest,3560320.0,0.0,False,,,,,,,True,False,False,,Full controller support,,,,"18 Jul, 2025",,,
140933,Noun Town Language Learning Playtest,2363250.0,0.0,False,,,,,,,True,False,False,,,,,,"29 Mar, 2023",,,
140947,Spike Mtn Playtest,2127860.0,0.0,False,,,,,,,True,False,False,,,,,,"23 Aug, 2022",,,
140964,Grimoire Groves Playtest,3130650.0,0.0,False,,,,,,,True,False,False,,,,,,"15 Jan, 2025",,,
141039,Unclogged Playtest,2998540.0,0.0,False,,,,,,,True,False,False,,,,,,"18 May, 2024",,,
141071,RhyVerse Playtest,2012200.0,0.0,False,,,,,,,True,False,False,,,,,,"2 Jun, 2022",,,
141173,No Fair Play Playtest,2117640.0,0.0,False,,,,,,,True,False,False,,,,,,"13 Aug, 2022",,,
141308,The Unnamed Game Playtest,2110920.0,0.0,False,,,,,,,True,False,False,,,,,,,,,
141427,RetraceTheLight Test,2212560.0,0.0,False,,,,,,,True,False,False,,,,,,"14 Jan, 2023",,,
141441,MacroWin Playtest,2481580.0,0.0,False,,,,,,,True,False,False,,,,,,"20 Jun, 2023",,,
141514,Terralysia Playtest,2832570.0,0.0,False,,,,,,,True,False,False,,,,,,"3 Apr, 2024",,,
141685,Marble Champions Playtest,3447780.0,0.0,False,,,,,,,True,False,False,,,,,,"6 Feb, 2025",,,
141713,Grit and Valor - 1949 Playtest,3379000.0,0.0,False,,,,,,,True,False,False,,,,,,"2 Dec, 2024",,,
141727,Egg Game Playtest,2526730.0,0.0,False,,,,,,,True,False,False,,,,,,"25 Jul, 2023",,,
141735,GHOSTWARE: Arena of the Dead Playtest,1936930.0,0.0,False,,,,,,,True,False,False,,,,,,"17 Mar, 2022",,,
141837,Youtubers Life 3 - Stream Together! Playtest,3663760.0,0.0,False,,,,,,,True,False,False,,,,,,"24 Apr, 2025",,,
141869,Damned 2 Playtest,2695530.0,0.0,False,,,,,,,True,False,False,,,,,,"3 Jul, 2025",,,
141884,Flowstone Saga Playtest,1638940.0,0.0,False,,,,,,,True,False,False,,,,,,"19 May, 2021",,,
141891,Shadow of Mammon Playtest,3331020.0,0.0,False,,,,,,,True,False,False,,,,,,"12 Nov, 2024",,,
141941,The Fool's Apprentice Playtest,3354350.0,0.0,False,,,,,,,True,False,False,,,,,,"27 Dec, 2024",,,
141949,MI10 Playtest,3600140.0,0.0,False,,,,,,,True,False,False,,,,,,"20 Mar, 2025",,,
142054,Death Roads: Tournament Playtest,1958500.0,0.0,False,,,,,,,True,False,False,,,,,,"29 Nov, 2022",,,
142062,PROMOD Playtest,1619270.0,0.0,False,,,,,,,True,False,False,,,,,,"7 Jul, 2021",,,
142108,Fate Trigger Playtest,3217940.0,0.0,False,,,,,,,True,False,False,,,,,,"24 Jul, 2025",,,
142265,不恋爱就完蛋了Love Curse: Find Your Soulmate Playtest,3109730.0,0.0,False,,,,,,,True,False,False,,,,,,"28 Feb, 2025",,,
142278,Purry Furry Adventurry Playtest,1884920.0,0.0,False,,,,,,,True,False,False,,,,,,"27 Jan, 2022",,,
142295,PathlessWoods Playtest,1860080.0,0.0,False,,,,,,,True,False,False,,,,,,"27 Jul, 2023",,,
142346,Earth From Another Sun Playtest,2194080.0,0.0,False,,,,,,,True,False,False,,,,,,"9 Nov, 2022",,,
142359,SERK Playtest,3334210.0,0.0,False,,,,,,,True,False,False,,,,,,"8 Jun, 2025",,,
142385,The Dungeon Experience Playtest,2378090.0,0.0,False,,,,,,,True,False,False,,,,,,"26 Mar, 2024",,,
142447,Space Prison Playtest,2788610.0,0.0,False,,,,,,,True,False,False,,,,,,"24 May, 2024",,,
142449,A tale of terror Playtest,3154350.0,0.0,False,,,,,,,True,False,False,,,,,,"9 Aug, 2024",,,
142572,Lorn Vale Playtest,3643500.0,0.0,False,,,,,,,True,False,False,,,,,,"23 Apr, 2025",,,
142708,Dusky Depths Playtest,2713090.0,0.0,False,,,,,,,True,False,False,,,,,,"8 Dec, 2023",,,
142718,Farmageddon: A Cattle Royale Playtest,1513280.0,0.0,False,,,,,,,True,False,False,,,,,,"18 May, 2021",,,
142724,Nanomon: Virtual Pet Playtest,3151540.0,0.0,False,,,,,,,True,False,False,,,,,,"5 May, 2025",,,
142746,无人 Playtest,3290000.0,0.0,False,,,,,,,True,False,False,,,,,,"28 Oct, 2024",,,
142756,Hollow Survivors Playtest,2657200.0,0.0,False,,,,,,,True,False,False,,,,,,"16 Jan, 2024",,,
142757,Sleeping Dragon Playtest,2564110.0,0.0,False,,,,,,,True,False,False,,,,,,"30 Aug, 2023",,,
142781,Vainly Playtest,3035470.0,0.0,False,,,,,,,True,False,False,,,,,,"7 Jun, 2024",,,
142836,Swarm Survivor Playtest,2378270.0,0.0,False,,,,,,,True,False,False,,,,,,"9 May, 2023",,,
142868,Influences RPG Playtest,2333010.0,0.0,False,,,,,,,True,False,False,,,,,,"30 Sep, 2024",,,
142886,杀戮深渊 Playtest,2594230.0,0.0,False,,,,,,,True,False,False,,,,,,"9 Sep, 2023",,,
142889,Craftomation 101 Playtest,2006860.0,0.0,False,,,,,,,True,False,False,,,,,,"11 Sep, 2023",,,
142930,Stella Pastoris Playtest,2151050.0,0.0,False,,,,,,,True,False,False,,,,,,"21 Sep, 2022",,,
143012,Deepfield Playtest,1477390.0,0.0,False,,,,,,,True,False,False,,,,,,"28 Mar, 2021",,,
143038,Terrain of Magical Expertise Playtest,1655650.0,0.0,False,,,,,,,True,False,False,,,,,,"1 Jul, 2021",,,
143056,Tour de France 2025 Playtest,3562950.0,0.0,False,,,,,,,True,False,False,,,,,,"8 Apr, 2025",,,
143134,Kingdom of Fallen: The Last Stand Playtest,2895570.0,0.0,False,,,,,,,True,False,False,,,,,,"2 Apr, 2024",,,
143238,Dream &amp; Sugar Playtest,3420990.0,0.0,False,,,,,,,True,False,False,,,,,,"8 Jan, 2025",,,
143257,MycoRelic Playtest,3215490.0,0.0,False,,,,,,,True,False,False,,,,,,"24 Oct, 2024",,,
143277,Inkborn Playtest,3391840.0,0.0,False,,,,,,,True,False,False,,,,,,"24 Jul, 2025",,,
143284,RENNSPORT Playtest,3222810.0,0.0,False,,,,,,,True,False,False,,VR Supported,,,,"23 Sep, 2024",,,
143296,Arcadius Playtest,1641090.0,0.0,False,,,,,,,True,False,False,,,,,,"2 Jan, 2022",,,
143298,Kokoro Kitchen Playtest,3608150.0,0.0,False,,,,,,,True,False,False,,,,,,"4 Apr, 2025",,,
143322,I Am Jesus Christ Playtest,1818860.0,0.0,False,,,,,,,True,False,False,,,,,,"17 Jun, 2025",,,
143582,H.E.L.L. Shuffle Playtest,1481460.0,0.0,False,,,,,,,True,False,False,,,,,,"29 Nov, 2020",,,
143595,Seven Seas: Adventures Playtest,3163800.0,0.0,False,,,,,,,True,False,False,,,,,,"26 Sep, 2024",,,
143646,Brazen Blaze Playtest,2632850.0,0.0,False,,,,,,,True,False,False,,VR Only,,,,"5 Oct, 2023",,,
143672,Pool Cleaning Simulator Playtest,2439930.0,0.0,False,,,,,,,True,False,False,,,,,,"26 May, 2023",,,
143702,Don't Puke! Playtest,2807010.0,0.0,False,,,,,,,True,False,False,,VR Only,,,,"26 Feb, 2024",,,
143811,代号：绝世好武功 Playtest,1888020.0,0.0,False,,,,,,,True,False,False,,,,,,"11 Jun, 2022",,,
143836,Wastelander Playtest,1689610.0,0.0,False,,,,,,,True,False,False,,,,,,"8 Jul, 2021",,,
143900,Blind Descent Playtest,2335630.0,0.0,False,,,,,,,True,False,False,,,,,,"25 Jul, 2025",,,
143927,Technocide Playtest,2843990.0,0.0,False,,,,,,,True,False,False,,,,,,"17 Feb, 2024",,,
144003,LandCombatRen Playtest,1801570.0,0.0,False,,,,,,,True,False,False,,,,,,"11 Dec, 2021",,,
144069,Cruise Ship Manager Playtest,2050950.0,0.0,False,,,,,,,True,False,False,,,,,,"20 Jul, 2022",,,
144089,Friends vs Friends Playtest,2427490.0,0.0,False,,,,,,,True,False,False,,,,,,"25 May, 2023",,,
144131,Pup Champs Playtest,3683150.0,0.0,False,,,,,,,True,False,False,,,,,,"3 May, 2025",,,
144136,Clan Wars Playtest,1667260.0,0.0,False,,,,,,,True,False,False,,,,,,"12 Jul, 2024",,,
144157,Nobody's Left Playtest,2411090.0,0.0,False,,,,,,,True,False,False,,,,,,"25 May, 2023",,,
144183,Block N Load 2 Playtest,2053090.0,0.0,False,,,,,,,True,False,False,,,,,,"22 Sep, 2022",,,
144190,Driveloop Playtest,3373290.0,0.0,False,,,,,,,True,False,False,,,,,,"9 Jan, 2025",,,
144191,The Trasamire Campaigns Playtest,2176050.0,0.0,False,,,,,,,True,False,False,,,,,,"8 Oct, 2022",,,
144208,Grime&Gold Playtest,3250650.0,0.0,False,,,,,,,True,False,False,,,,,,"31 Mar, 2025",,,
144388,GhostCatcherPlaytest,2615610.0,0.0,False,,,,,,,True,False,False,,,,,,"8 Dec, 2023",,,
144432,Vega Chronicle Playtest,3881630.0,0.0,False,,,,,,,True,False,False,,,,,,"6 Aug, 2025",,,
144486,Pedigree Tactics Playtest,2212090.0,0.0,False,,,,,,,True,False,False,,,,,,"4 Dec, 2022",,,
144505,Chained Beasts Playtest,3823120.0,0.0,False,,,,,,,True,False,False,,,,,,"26 Jun, 2025",,,
144722,Type Your Fate Playtest,2656100.0,0.0,False,,,,,,,True,False,False,,,,,,"24 Oct, 2023",,,
144779,万象之环 Playtest,3612500.0,0.0,False,,,,,,,True,False,False,,,,,,"15 Aug, 2025",,,
144874,Bang Bang Barrage Playtest,3020650.0,0.0,False,,,,,,,True,False,False,,,,,,"8 Aug, 2024",,,
144891,Boundless Paths Playtest,2600060.0,0.0,False,,,,,,,True,False,False,,,,,,"16 Mar, 2024",,,
145040,Ocnus Theory Playtest,2373790.0,0.0,False,,,,,,,True,False,False,,,,,,"14 Jul, 2023",,,
145042,ServiceIT: You can do IT Playtest,2439940.0,0.0,False,,,,,,,True,False,False,,,,,,"26 May, 2023",,,
145101,Sokoball Dreams Playtest,2243440.0,0.0,False,,,,,,,True,False,False,,,,,,"3 Feb, 2023",,,
145200,Vythzkel of City Playtest,3041520.0,0.0,False,,,,,,,True,False,False,,,,,,"23 Jul, 2024",,,
145215,The Hunt of the Blood Moon Playtest,1986500.0,0.0,False,,,,,,,True,False,False,,,,,,"19 May, 2022",,,
145226,SwayBods - physics puzzle game Playtest,2894930.0,0.0,False,,,,,,,True,False,False,,,,,,"23 Mar, 2024",,,
145254,Rogue Drone Hunter Playtest,3632230.0,0.0,False,,,,,,,True,False,False,,,,,,"7 Apr, 2025",,,
145274,Stardiver Playtest,3204670.0,0.0,False,,,,,,,True,False,False,,,,,,"6 Sep, 2024",,,
145289,HORROR TYCOON Playtest,1984300.0,0.0,False,,,,,,,True,False,False,,,,,,"15 May, 2022",,,
145404,World of Warships: Legends Playtest,3701470.0,0.0,False,,,,,,,True,False,False,,,,,,"22 May, 2025",,,
145468,DEAD LETTER DEPT. Playtest,3326430.0,0.0,False,,,,,,,True,False,False,,,,,,"5 Nov, 2024",,,
145591,Radial Flow Playtest,2069590.0,0.0,False,,,,,,,True,False,False,,,,,,"29 Jun, 2022",,,
